file_name,original_file_name,stratum,defect_set,pick_reason,run,coating_gap_um,position,video_id,frame,patch,group_frame,Surface_Crack,Delamination,Pinhole,unclassified,n_boxes,det_class_names,mask_pixels,mask_area_frac
image_1449.jpg,R1-600um-top-to-bottom-center_frame_356_patch_0.png,1-0-0-0,Surface_Crack,combo=1-0-0-0 gap=600um video=R1-600um-top-to-bottom-center frame=356 unique_frame=True,1,600,top-to-bottom-center,R1-600um-top-to-bottom-center,356,0,R1-600um-top-to-bottom-center_frame_356,1,0,0,0,0,none,18578,0.060475
image_1057.jpg,R1-700um-top-to-bottom-center_frame_6_patch_1.png,1-0-0-0,Surface_Crack,combo=1-0-0-0 gap=700um video=R1-700um-top-to-bottom-center frame=6 unique_frame=True,1,700,top-to-bottom-center,R1-700um-top-to-bottom-center,6,1,R1-700um-top-to-bottom-center_frame_6,1,0,0,0,0,none,2289,0.007451
image_191.jpg,R1-800um-top-to-bottom-center_frame_304_patch_0.png,1-0-0-0,Surface_Crack,combo=1-0-0-0 gap=800um video=R1-800um-top-to-bottom-center frame=304 unique_frame=True,1,800,top-to-bottom-center,R1-800um-top-to-bottom-center,304,0,R1-800um-top-to-bottom-center_frame_304,1,0,0,0,0,none,6535,0.021273
image_1564.jpg,R1-900um-top-to-bottom-center_frame_10_patch_1.png,1-0-0-0,Surface_Crack,combo=1-0-0-0 gap=900um video=R1-900um-top-to-bottom-center frame=10 unique_frame=True,1,900,top-to-bottom-center,R1-900um-top-to-bottom-center,10,1,R1-900um-top-to-bottom-center_frame_10,1,0,0,0,0,none,1988,0.006471
image_554.jpg,R1-1000um-top-to-bottom-center_frame_8_patch_1.png,1-0-0-0,Surface_Crack,combo=1-0-0-0 gap=1000um video=R1-1000um-top-to-bottom-center frame=8 unique_frame=True,1,1000,top-to-bottom-center,R1-1000um-top-to-bottom-center,8,1,R1-1000um-top-to-bottom-center_frame_8,1,0,0,0,0,none,2622,0.008535
image_1974.jpg,R1-1100um-top-to-bottom-center_frame_43_patch_0.png,1-0-0-0,Surface_Crack,combo=1-0-0-0 gap=1100um video=R1-1100um-top-to-bottom-center frame=43 unique_frame=True,1,1100,top-to-bottom-center,R1-1100um-top-to-bottom-center,43,0,R1-1100um-top-to-bottom-center_frame_43,1,0,0,0,0,none,4453,0.014495
image_1019.jpg,R1-600um-top-to-bottom-center_frame_372_patch_4.png,1-0-1-0,Surface_Crack+Pinhole,combo=1-0-1-0 gap=600um video=R1-600um-top-to-bottom-center frame=372 unique_frame=True,1,600,top-to-bottom-center,R1-600um-top-to-bottom-center,372,4,R1-600um-top-to-bottom-center_frame_372,1,0,1,0,1,Pinhole,17053,0.055511
image_1306.jpg,R1-700um-top-to-bottom-center_frame_44_patch_1.png,1-0-1-0,Surface_Crack+Pinhole,combo=1-0-1-0 gap=700um video=R1-700um-top-to-bottom-center frame=44 unique_frame=True,1,700,top-to-bottom-center,R1-700um-top-to-bottom-center,44,1,R1-700um-top-to-bottom-center_frame_44,1,0,1,0,1,Pinhole,1321,0.0043
image_1970.jpg,R1-800um-top-to-bottom-center_frame_316_patch_2.png,1-0-1-0,Surface_Crack+Pinhole,combo=1-0-1-0 gap=800um video=R1-800um-top-to-bottom-center frame=316 unique_frame=True,1,800,top-to-bottom-center,R1-800um-top-to-bottom-center,316,2,R1-800um-top-to-bottom-center_frame_316,1,0,1,0,1,Pinhole,3010,0.009798
image_754.jpg,R1-900um-top-to-bottom-center_frame_126_patch_2.png,1-0-1-0,Surface_Crack+Pinhole,combo=1-0-1-0 gap=900um video=R1-900um-top-to-bottom-center frame=126 unique_frame=True,1,900,top-to-bottom-center,R1-900um-top-to-bottom-center,126,2,R1-900um-top-to-bottom-center_frame_126,1,0,1,0,1,Pinhole,766,0.002493
image_776.jpg,R1-1000um-top-to-bottom-center_frame_122_patch_1.png,1-0-1-0,Surface_Crack+Pinhole,combo=1-0-1-0 gap=1000um video=R1-1000um-top-to-bottom-center frame=122 unique_frame=True,1,1000,top-to-bottom-center,R1-1000um-top-to-bottom-center,122,1,R1-1000um-top-to-bottom-center_frame_122,1,0,1,0,1,Pinhole,5128,0.016693
image_1622.jpg,R1-1100um-top-to-bottom-center_frame_0_patch_0.png,1-0-1-0,Surface_Crack+Pinhole,combo=1-0-1-0 gap=1100um video=R1-1100um-top-to-bottom-center frame=0 unique_frame=True,1,1100,top-to-bottom-center,R1-1100um-top-to-bottom-center,0,0,R1-1100um-top-to-bottom-center_frame_0,1,0,1,0,3,Pinhole,3404,0.011081
image_1006.jpg,R1-600um-top-to-bottom-center_frame_0_patch_0.png,0-0-1-0,Pinhole,combo=0-0-1-0 gap=600um video=R1-600um-top-to-bottom-center frame=0 unique_frame=True,1,600,top-to-bottom-center,R1-600um-top-to-bottom-center,0,0,R1-600um-top-to-bottom-center_frame_0,0,0,1,0,2,Pinhole,128,0.000417
image_52.jpg,R1-700um-top-to-bottom-center_frame_41_patch_1.png,0-0-1-0,Pinhole,combo=0-0-1-0 gap=700um video=R1-700um-top-to-bottom-center frame=41 unique_frame=True,1,700,top-to-bottom-center,R1-700um-top-to-bottom-center,41,1,R1-700um-top-to-bottom-center_frame_41,0,0,1,0,1,Pinhole,16,5.2e-05
image_1090.jpg,R1-800um-top-to-bottom-center_frame_6_patch_4.png,0-0-1-0,Pinhole,combo=0-0-1-0 gap=800um video=R1-800um-top-to-bottom-center frame=6 unique_frame=True,1,800,top-to-bottom-center,R1-800um-top-to-bottom-center,6,4,R1-800um-top-to-bottom-center_frame_6,0,0,1,0,1,Pinhole,57,0.000186
image_1237.jpg,R1-900um-top-to-bottom-center_frame_33_patch_1.png,0-0-1-0,Pinhole,combo=0-0-1-0 gap=900um video=R1-900um-top-to-bottom-center frame=33 unique_frame=True,1,900,top-to-bottom-center,R1-900um-top-to-bottom-center,33,1,R1-900um-top-to-bottom-center_frame_33,0,0,1,0,1,Pinhole,77,0.000251
image_242.jpg,R1-1000um-top-to-bottom-center_frame_85_patch_4.png,0-0-1-0,Pinhole,combo=0-0-1-0 gap=1000um video=R1-1000um-top-to-bottom-center frame=85 unique_frame=True,1,1000,top-to-bottom-center,R1-1000um-top-to-bottom-center,85,4,R1-1000um-top-to-bottom-center_frame_85,0,0,1,0,1,Pinhole,290,0.000944
image_89.jpg,R1-1100um-top-to-bottom-center_frame_97_patch_0.png,0-0-1-0,Pinhole,combo=0-0-1-0 gap=1100um video=R1-1100um-top-to-bottom-center frame=97 unique_frame=True,1,1100,top-to-bottom-center,R1-1100um-top-to-bottom-center,97,0,R1-1100um-top-to-bottom-center_frame_97,0,0,1,0,1,Pinhole,102,0.000332
image_2180.jpg,R1-700um-top-to-bottom-center_frame_648_patch_7.png,1-1-0-0,Surface_Crack+Delamination,combo=1-1-0-0 gap=700um video=R1-700um-top-to-bottom-center frame=648 unique_frame=True,1,700,top-to-bottom-center,R1-700um-top-to-bottom-center,648,7,R1-700um-top-to-bottom-center_frame_648,1,1,0,0,0,none,23124,0.075273
image_483.jpg,R1-800um-top-to-bottom-center_frame_540_patch_2.png,1-1-0-0,Surface_Crack+Delamination,combo=1-1-0-0 gap=800um video=R1-800um-top-to-bottom-center frame=540 unique_frame=True,1,800,top-to-bottom-center,R1-800um-top-to-bottom-center,540,2,R1-800um-top-to-bottom-center_frame_540,1,1,0,0,0,none,10863,0.035361
image_927.jpg,R1-900um-top-to-bottom-center_frame_557_patch_5.png,1-1-0-0,Surface_Crack+Delamination,combo=1-1-0-0 gap=900um video=R1-900um-top-to-bottom-center frame=557 unique_frame=True,1,900,top-to-bottom-center,R1-900um-top-to-bottom-center,557,5,R1-900um-top-to-bottom-center_frame_557,1,1,0,0,0,none,15599,0.050778
image_367.jpg,R1-1000um-top-to-bottom-center_frame_434_patch_1.png,1-1-0-0,Surface_Crack+Delamination,combo=1-1-0-0 gap=1000um video=R1-1000um-top-to-bottom-center frame=434 unique_frame=True,1,1000,top-to-bottom-center,R1-1000um-top-to-bottom-center,434,1,R1-1000um-top-to-bottom-center_frame_434,1,1,0,0,0,none,12069,0.039287
image_974.jpg,R1-1100um-top-to-bottom-center_frame_356_patch_0.png,1-1-0-0,Surface_Crack+Delamination,combo=1-1-0-0 gap=1100um video=R1-1100um-top-to-bottom-center frame=356 unique_frame=True,1,1100,top-to-bottom-center,R1-1100um-top-to-bottom-center,356,0,R1-1100um-top-to-bottom-center_frame_356,1,1,0,0,0,none,30742,0.100072
image_2157.jpg,R7-700um-middle_frame_1_patch_0.png,1-1-0-0,Surface_Crack+Delamination,combo=1-1-0-0 gap=700um video=R7-700um-middle frame=1 unique_frame=True,7,700,middle,R7-700um-middle,1,0,R7-700um-middle_frame_1,1,1,0,0,0,none,10273,0.033441
image_2136.jpg,R1-600um-top-to-bottom-center_frame_36_patch_8.png,0-0-0-0,none,combo=0-0-0-0 gap=600um video=R1-600um-top-to-bottom-center frame=36 unique_frame=True,1,600,top-to-bottom-center,R1-600um-top-to-bottom-center,36,8,R1-600um-top-to-bottom-center_frame_36,0,0,0,0,0,none,0,0.0
image_1383.jpg,R1-700um-top-to-bottom-center_frame_127_patch_5.png,0-0-0-0,none,combo=0-0-0-0 gap=700um video=R1-700um-top-to-bottom-center frame=127 unique_frame=True,1,700,top-to-bottom-center,R1-700um-top-to-bottom-center,127,5,R1-700um-top-to-bottom-center_frame_127,0,0,0,0,0,none,0,0.0
image_1413.jpg,R1-800um-top-to-bottom-center_frame_89_patch_8.png,0-0-0-0,none,combo=0-0-0-0 gap=800um video=R1-800um-top-to-bottom-center frame=89 unique_frame=True,1,800,top-to-bottom-center,R1-800um-top-to-bottom-center,89,8,R1-800um-top-to-bottom-center_frame_89,0,0,0,0,0,none,0,0.0
image_57.jpg,R1-600um-top-to-bottom-center_frame_45_patch_7.png,0-0-0-0,none,combo=0-0-0-0 gap=600um video=R1-600um-top-to-bottom-center frame=45 unique_frame=True,1,600,top-to-bottom-center,R1-600um-top-to-bottom-center,45,7,R1-600um-top-to-bottom-center_frame_45,0,0,0,0,0,none,0,0.0
image_1095.jpg,R1-700um-top-to-bottom-center_frame_143_patch_2.png,0-0-0-0,none,combo=0-0-0-0 gap=700um video=R1-700um-top-to-bottom-center frame=143 unique_frame=True,1,700,top-to-bottom-center,R1-700um-top-to-bottom-center,143,2,R1-700um-top-to-bottom-center_frame_143,0,0,0,0,0,none,0,0.0
image_1915.jpg,R1-800um-top-to-bottom-center_frame_130_patch_7.png,0-0-0-0,none,combo=0-0-0-0 gap=800um video=R1-800um-top-to-bottom-center frame=130 unique_frame=True,1,800,top-to-bottom-center,R1-800um-top-to-bottom-center,130,7,R1-800um-top-to-bottom-center_frame_130,0,0,0,0,0,none,0,0.0
image_2070.jpg,R1-600um-top-to-bottom-center_frame_51_patch_0.png,0-0-0-1,unclassified,combo=0-0-0-1 gap=600um video=R1-600um-top-to-bottom-center frame=51 unique_frame=True,1,600,top-to-bottom-center,R1-600um-top-to-bottom-center,51,0,R1-600um-top-to-bottom-center_frame_51,0,0,0,1,1,unclassified,0,0.0
image_1827.jpg,R1-700um-top-to-bottom-center_frame_51_patch_3.png,0-0-0-1,unclassified,combo=0-0-0-1 gap=700um video=R1-700um-top-to-bottom-center frame=51 unique_frame=True,1,700,top-to-bottom-center,R1-700um-top-to-bottom-center,51,3,R1-700um-top-to-bottom-center_frame_51,0,0,0,1,2,unclassified,0,0.0
image_811.jpg,R1-800um-top-to-bottom-center_frame_181_patch_2.png,0-0-0-1,unclassified,combo=0-0-0-1 gap=800um video=R1-800um-top-to-bottom-center frame=181 unique_frame=True,1,800,top-to-bottom-center,R1-800um-top-to-bottom-center,181,2,R1-800um-top-to-bottom-center_frame_181,0,0,0,1,1,unclassified,0,0.0
image_851.jpg,R1-900um-top-to-bottom-center_frame_166_patch_3.png,0-0-0-1,unclassified,combo=0-0-0-1 gap=900um video=R1-900um-top-to-bottom-center frame=166 unique_frame=True,1,900,top-to-bottom-center,R1-900um-top-to-bottom-center,166,3,R1-900um-top-to-bottom-center_frame_166,0,0,0,1,1,unclassified,0,0.0
image_1229.jpg,R1-1100um-top-to-bottom-center_frame_123_patch_0.png,0-0-0-1,unclassified,combo=0-0-0-1 gap=1100um video=R1-1100um-top-to-bottom-center frame=123 unique_frame=True,1,1100,top-to-bottom-center,R1-1100um-top-to-bottom-center,123,0,R1-1100um-top-to-bottom-center_frame_123,0,0,0,1,1,unclassified,0,0.0
image_1562.jpg,R1-600um-top-to-bottom-center_frame_52_patch_0.png,0-0-0-1,unclassified,combo=0-0-0-1 gap=600um video=R1-600um-top-to-bottom-center frame=52 unique_frame=True,1,600,top-to-bottom-center,R1-600um-top-to-bottom-center,52,0,R1-600um-top-to-bottom-center_frame_52,0,0,0,1,1,unclassified,0,0.0
image_1964.jpg,R7-700um-middle_frame_97_patch_4.png,1-1-1-0,Surface_Crack+Delamination+Pinhole,combo=1-1-1-0 gap=700um video=R7-700um-middle frame=97 unique_frame=True,7,700,middle,R7-700um-middle,97,4,R7-700um-middle_frame_97,1,1,1,0,1,Pinhole,7766,0.02528
image_515.jpg,R1-800um-top-to-bottom-center_frame_554_patch_2.png,1-1-1-0,Surface_Crack+Delamination+Pinhole,combo=1-1-1-0 gap=800um video=R1-800um-top-to-bottom-center frame=554 unique_frame=True,1,800,top-to-bottom-center,R1-800um-top-to-bottom-center,554,2,R1-800um-top-to-bottom-center_frame_554,1,1,1,0,1,Pinhole,7477,0.024339
image_1822.jpg,R1-1000um-top-to-bottom-center_frame_487_patch_2.png,1-1-1-0,Surface_Crack+Delamination+Pinhole,combo=1-1-1-0 gap=1000um video=R1-1000um-top-to-bottom-center frame=487 unique_frame=True,1,1000,top-to-bottom-center,R1-1000um-top-to-bottom-center,487,2,R1-1000um-top-to-bottom-center_frame_487,1,1,1,0,1,Pinhole,19329,0.06292
image_1501.jpg,R1-1100um-top-to-bottom-center-1_frame_56_patch_2.png,1-1-1-0,Surface_Crack+Delamination+Pinhole,combo=1-1-1-0 gap=1100um video=R1-1100um-top-to-bottom-center-1 frame=56 unique_frame=True,1,1100,top-to-bottom-center-1,R1-1100um-top-to-bottom-center-1,56,2,R1-1100um-top-to-bottom-center-1_frame_56,1,1,1,0,1,Pinhole,23719,0.07721
image_1926.jpg,R7-700um-middle_frame_100_patch_4.png,1-1-1-0,Surface_Crack+Delamination+Pinhole,combo=1-1-1-0 gap=700um video=R7-700um-middle frame=100 unique_frame=True,7,700,middle,R7-700um-middle,100,4,R7-700um-middle_frame_100,1,1,1,0,1,Pinhole,6276,0.02043
image_658.jpg,R1-800um-top-to-bottom-center_frame_573_patch_8.png,1-1-1-0,Surface_Crack+Delamination+Pinhole,combo=1-1-1-0 gap=800um video=R1-800um-top-to-bottom-center frame=573 unique_frame=True,1,800,top-to-bottom-center,R1-800um-top-to-bottom-center,573,8,R1-800um-top-to-bottom-center_frame_573,1,1,1,0,1,Pinhole,11185,0.03641
image_928.jpg,R1-600um-top-to-bottom-center_frame_432_patch_1.png,1-0-0-1,Surface_Crack+unclassified,combo=1-0-0-1 gap=600um video=R1-600um-top-to-bottom-center frame=432 unique_frame=True,1,600,top-to-bottom-center,R1-600um-top-to-bottom-center,432,1,R1-600um-top-to-bottom-center_frame_432,1,0,0,1,1,unclassified,1307,0.004255
image_593.jpg,R1-700um-top-to-bottom-center_frame_260_patch_2.png,1-0-0-1,Surface_Crack+unclassified,combo=1-0-0-1 gap=700um video=R1-700um-top-to-bottom-center frame=260 unique_frame=True,1,700,top-to-bottom-center,R1-700um-top-to-bottom-center,260,2,R1-700um-top-to-bottom-center_frame_260,1,0,0,1,1,unclassified,2782,0.009056
image_1761.jpg,R1-800um-top-to-bottom-center_frame_358_patch_3.png,1-0-0-1,Surface_Crack+unclassified,combo=1-0-0-1 gap=800um video=R1-800um-top-to-bottom-center frame=358 unique_frame=True,1,800,top-to-bottom-center,R1-800um-top-to-bottom-center,358,3,R1-800um-top-to-bottom-center_frame_358,1,0,0,1,2,unclassified,5324,0.017331
image_248.jpg,R1-900um-top-to-bottom-center_frame_109_patch_5.png,1-0-0-1,Surface_Crack+unclassified,combo=1-0-0-1 gap=900um video=R1-900um-top-to-bottom-center frame=109 unique_frame=True,1,900,top-to-bottom-center,R1-900um-top-to-bottom-center,109,5,R1-900um-top-to-bottom-center_frame_109,1,0,0,1,2,unclassified,586,0.001908
image_2197.jpg,R1-600um-top-to-bottom-center_frame_457_patch_6.png,1-0-0-1,Surface_Crack+unclassified,combo=1-0-0-1 gap=600um video=R1-600um-top-to-bottom-center frame=457 unique_frame=True,1,600,top-to-bottom-center,R1-600um-top-to-bottom-center,457,6,R1-600um-top-to-bottom-center_frame_457,1,0,0,1,1,unclassified,788,0.002565
image_2054.jpg,R1-700um-top-to-bottom-center_frame_289_patch_8.png,1-0-0-1,Surface_Crack+unclassified,combo=1-0-0-1 gap=700um video=R1-700um-top-to-bottom-center frame=289 unique_frame=True,1,700,top-to-bottom-center,R1-700um-top-to-bottom-center,289,8,R1-700um-top-to-bottom-center_frame_289,1,0,0,1,1,unclassified,6633,0.021592
image_1543.jpg,R7-700um-middle_frame_553_patch_0.png,0-1-0-0,Delamination,combo=0-1-0-0 gap=700um video=R7-700um-middle frame=553 unique_frame=True,7,700,middle,R7-700um-middle,553,0,R7-700um-middle_frame_553,0,1,0,0,0,none,38612,0.12569
image_354.jpg,R7-700um-middle_frame_558_patch_0.png,0-1-0-0,Delamination,combo=0-1-0-0 gap=700um video=R7-700um-middle frame=558 unique_frame=True,7,700,middle,R7-700um-middle,558,0,R7-700um-middle_frame_558,0,1,0,0,0,none,65594,0.213522
image_1729.jpg,R7-700um-middle_frame_566_patch_0.png,0-1-0-0,Delamination,combo=0-1-0-0 gap=700um video=R7-700um-middle frame=566 unique_frame=True,7,700,middle,R7-700um-middle,566,0,R7-700um-middle_frame_566,0,1,0,0,0,none,80600,0.26237
image_806.jpg,R7-700um-middle_frame_574_patch_0.png,0-1-0-0,Delamination,combo=0-1-0-0 gap=700um video=R7-700um-middle frame=574 unique_frame=True,7,700,middle,R7-700um-middle,574,0,R7-700um-middle_frame_574,0,1,0,0,0,none,135353,0.440602
image_1774.jpg,R7-700um-middle_frame_581_patch_0.png,0-1-0-0,Delamination,combo=0-1-0-0 gap=700um video=R7-700um-middle frame=581 unique_frame=True,7,700,middle,R7-700um-middle,581,0,R7-700um-middle_frame_581,0,1,0,0,0,none,24990,0.081348
image_1834.jpg,R7-700um-middle_frame_553_patch_1.png,0-1-0-0,Delamination,combo=0-1-0-0 gap=700um video=R7-700um-middle frame=553 unique_frame=False,7,700,middle,R7-700um-middle,553,1,R7-700um-middle_frame_553,0,1,0,0,0,none,39466,0.12847
