cell_id,cell_code,n_rows,cycle_min,cycle_max,n_missing_cycles,rul_first,rul_last,n_invalid_rows,max_volt_dis_mean,min_volt_chg_mean,discharge_time_median_s
1,a,1076,1,1113,37,1112,0,2,3.9293,3.5663,1617.4
2,b,1079,1,1108,29,1107,0,2,3.8744,3.5993,1579.3
3,c,1077,1,1108,31,1107,0,3,3.9197,3.565,1574.88
4,d,1081,1,1108,27,1107,0,3,3.9193,3.5586,1581.0
5,e,1077,1,1134,57,1133,0,5,3.9076,3.5764,1620.0
6,f,1078,1,1103,25,1102,0,3,3.9038,3.5825,1548.78
7,g,1081,1,1108,27,1107,0,2,3.9008,3.582,1524.0
8,j,1080,1,1105,25,1104,0,5,3.9306,3.5692,1601.47
9,l,1079,1,1108,29,1107,0,3,3.9161,3.5758,1530.56
10,n,1079,1,1108,29,1107,0,2,3.9252,3.5807,1476.0
11,o,1077,1,1108,31,1107,0,6,3.8896,3.5779,1536.44
12,p,1077,1,1108,31,1107,0,7,3.8876,3.5863,1537.75
13,s,1072,1,1114,42,1113,0,8,3.9131,3.5707,1479.47
14,t,1051,1,1112,61,1111,0,17,3.897,3.6004,1374.69
