column,missing_rate,n_missing,variance,n_unique,drop_reason
sensor_000,0.0038289725590299937,6,5420.16748404614,1520,
sensor_001,0.004467134652201659,7,6465.399019959541,1504,
sensor_002,0.008934269304403318,14,871.0261443665875,507,
sensor_003,0.008934269304403318,14,195091.50517775348,518,
sensor_004,0.008934269304403318,14,3175.9468992516067,503,
sensor_005,0.008934269304403318,14,0.0,1,zero_variance
sensor_006,0.008934269304403318,14,38.90283584892686,510,
sensor_007,0.00574345883854499,9,8.030522137796674e-05,89,
sensor_008,0.0012763241863433313,2,0.005460701802864777,1208,
sensor_009,0.0012763241863433313,2,0.00022849918565487037,568,
sensor_010,0.0012763241863433313,2,8.652915872302525e-05,392,
sensor_011,0.0012763241863433313,2,0.00015505359361185785,378,
sensor_012,0.0012763241863433313,2,10.60984480956244,1547,
sensor_013,0.0019144862795149968,3,0.0,1,zero_variance
sensor_014,0.0019144862795149968,3,7.820946786353915,1555,
sensor_015,0.0019144862795149968,3,296.5660979749953,1561,
sensor_016,0.0019144862795149968,3,5.7785747963836345,1477,
sensor_017,0.0019144862795149968,3,0.00014550179929327987,281,
sensor_018,0.0019144862795149968,3,7.734187455719739,1548,
sensor_019,0.006381620931716656,10,0.04750885460969865,361,
sensor_020,0.0,0,0.0002801249101397681,552,
sensor_021,0.0012763241863433313,2,392906.04326157435,1295,
sensor_022,0.0012763241863433313,2,87319.38390963206,1176,
sensor_023,0.0012763241863433313,2,1904847.554245327,1480,
sensor_024,0.0012763241863433313,2,8425609.918099247,1494,
sensor_025,0.0012763241863433313,2,0.031541928969954974,704,
sensor_026,0.0012763241863433313,2,0.03590837324042555,624,
sensor_027,0.0012763241863433313,2,1.548156250865831,1148,
sensor_028,0.0012763241863433313,2,11.979773487086947,869,
sensor_029,0.0012763241863433313,2,0.1670309511443583,188,
sensor_030,0.0012763241863433313,2,0.0010853033811722215,842,
sensor_031,0.0012763241863433313,2,0.2865694657314088,1275,
sensor_032,0.0006381620931716656,1,4.106901683442041,338,
sensor_033,0.0006381620931716656,1,1.8075629222613934,330,
sensor_034,0.0006381620931716656,1,1.398585749757441,329,
sensor_035,0.0006381620931716656,1,6.629330325793516,331,
sensor_036,0.0006381620931716656,1,1.3985874294421792,330,
sensor_037,0.0006381620931716656,1,0.09250162542205556,325,
sensor_038,0.0006381620931716656,1,0.19959055034499487,329,
sensor_039,0.0006381620931716656,1,3.2660472308144404,333,
sensor_040,0.015315890236119975,24,579.0252262368984,291,
sensor_041,0.015315890236119975,24,5.571606134393039,315,
sensor_042,0.0006381620931716656,1,0.0,1,zero_variance
sensor_043,0.0006381620931716656,1,38.871561332536736,1523,
sensor_044,0.0006381620931716656,1,0.03063815973313095,1376,
sensor_045,0.0006381620931716656,1,61.61068560277669,1520,
sensor_046,0.0006381620931716656,1,148.11656003488375,1562,
sensor_047,0.0006381620931716656,1,0.03596215621214384,1341,
sensor_048,0.0006381620931716656,1,20.468846284794957,1486,
sensor_049,0.0006381620931716656,1,0.0,1,zero_variance
sensor_050,0.0006381620931716656,1,74.71848314837915,1520,
sensor_051,0.0006381620931716656,1,3711.8688158565383,1562,
sensor_052,0.0006381620931716656,1,0.0,1,zero_variance
sensor_053,0.0025526483726866626,4,0.003019460758267983,153,
sensor_054,0.0025526483726866626,4,0.0035498565580653106,169,
sensor_055,0.0025526483726866626,4,663.0273391643995,107,
sensor_056,0.0025526483726866626,4,4.6340170803217524e-05,187,
sensor_057,0.0025526483726866626,4,1.743857661527824e-05,159,
sensor_058,0.0025526483726866626,4,0.0072411208856535975,382,
sensor_059,0.004467134652201659,7,90.86321038312164,1500,
sensor_060,0.0038289725590299937,6,36.335442824009355,1498,
sensor_061,0.0038289725590299937,6,0.07555730046428162,1418,
sensor_062,0.0038289725590299937,6,74.46001254038637,1518,
sensor_063,0.004467134652201659,7,50.69245067966251,1534,
sensor_064,0.004467134652201659,7,24.775182250200487,1496,
sensor_065,0.004467134652201659,7,50.718654958467916,1550,
sensor_066,0.0038289725590299937,6,135.09595015985482,1559,
sensor_067,0.0038289725590299937,6,94557.66024119168,1306,
sensor_068,0.0038289725590299937,6,17.978407160493415,1479,
sensor_069,0.0038289725590299937,6,0.0,1,zero_variance
sensor_070,0.0038289725590299937,6,90.99615286099841,1533,
sensor_071,0.0038289725590299937,6,1001.8426938973171,1557,
sensor_072,0.5067007019783025,794,338.13623906516705,773,missing_gt_50pct
sensor_073,0.5067007019783025,794,310.8128676860849,770,missing_gt_50pct
sensor_074,0.0038289725590299937,6,0.011276246156310041,2,
sensor_075,0.015315890236119975,24,0.0004969407105601381,675,
sensor_076,0.015315890236119975,24,0.001102457762616494,891,
sensor_077,0.015315890236119975,24,0.0009839660465110415,842,
sensor_078,0.015315890236119975,24,0.002291757258452675,995,
sensor_079,0.015315890236119975,24,0.0005326701365019885,691,
sensor_080,0.015315890236119975,24,0.0024232009259086474,922,
sensor_081,0.015315890236119975,24,0.00028971867724454105,580,
sensor_082,0.015315890236119975,24,0.0013013557980268197,888,
sensor_083,0.0006381620931716656,1,0.2665154925133079,1506,
sensor_084,0.007657945118059987,12,2.5515645242854253e-05,180,
sensor_085,0.8557753669432036,1341,8.575093805309732e-06,97,missing_gt_50pct
sensor_086,0.0,0,0.001393667861170811,472,
sensor_087,0.0,0,0.0001650670464016379,249,
sensor_088,0.0,0,2866.2384441299687,973,
sensor_089,0.03254626675175495,51,0.002742916933440442,650,
sensor_090,0.03254626675175495,51,157064.51857691302,1513,
sensor_091,0.0038289725590299937,6,0.007688300488181475,1191,
sensor_092,0.0012763241863433313,2,1.0439517563713915e-05,180,
sensor_093,0.0012763241863433313,2,9.059099482771299e-06,174,
sensor_094,0.0038289725590299937,6,3.0322927446245835e-08,22,
sensor_095,0.0038289725590299937,6,1.0901024983984624e-08,14,
sensor_096,0.0038289725590299937,6,0.048214561545754694,1333,
sensor_097,0.0038289725590299937,6,0.0,1,zero_variance
sensor_098,0.0038289725590299937,6,0.18242276916571398,1420,
sensor_099,0.0038289725590299937,6,0.003936356967681795,272,
sensor_100,0.0038289725590299937,6,1.264063388031998e-07,35,
sensor_101,0.0038289725590299937,6,4.873602555889551e-08,29,
sensor_102,0.0038289725590299937,6,0.003964926709604298,1066,
sensor_103,0.0012763241863433313,2,9.391459818765678e-06,153,
sensor_104,0.0012763241863433313,2,7.237051878120327e-07,55,
sensor_105,0.0038289725590299937,6,1.0254912194681253e-05,177,
sensor_106,0.0038289725590299937,6,8.927622595640532e-06,180,
sensor_107,0.0038289725590299937,6,0.007651836337760147,1159,
sensor_108,0.0038289725590299937,6,0.007526909831427914,1183,
sensor_109,0.6496490108487556,1018,7.560109376038716e-05,96,missing_gt_50pct
sensor_110,0.6496490108487556,1018,3.5347283260002276,546,missing_gt_50pct
sensor_111,0.6496490108487556,1018,4.432363528516282,545,missing_gt_50pct
sensor_112,0.4562858966177409,715,0.0023950727386587442,249,
sensor_113,0.0,0,0.0001472065857839002,468,
sensor_114,0.0,0,2.782538181735197e-06,20,
sensor_115,0.0,0,2396.0290622552675,1567,
sensor_116,0.0,0,9.01835927792326e-05,136,
sensor_117,0.0,0,42.05748769532686,1527,
sensor_118,0.015315890236119975,24,6.563458496721313e-05,328,
sensor_119,0.0,0,8.007676087504004e-05,249,
sensor_120,0.0,0,0.015451581590433599,1269,
sensor_121,0.00574345883854499,9,0.009923690888719045,54,
sensor_122,0.00574345883854499,9,0.8174338282026675,309,
sensor_123,0.00574345883854499,9,0.01173212569348086,50,
sensor_124,0.00574345883854499,9,0.013028782392326518,59,
sensor_125,0.00574345883854499,9,0.07871093279650557,155,
sensor_126,0.00574345883854499,9,0.06424745417770424,273,
sensor_127,0.00574345883854499,9,0.018335560840219704,324,
sensor_128,0.00574345883854499,9,0.06978818897306711,268,
sensor_129,0.00574345883854499,9,1.4895683782156242,93,
sensor_130,0.00574345883854499,9,0.006811409483301633,310,
sensor_131,0.00574345883854499,9,5.065094108927042e-06,68,
sensor_132,0.005105296745373325,8,0.0028281978644271,306,
sensor_133,0.005105296745373325,8,42.74153638709451,336,
sensor_134,0.005105296745373325,8,8.942947204486615,335,
sensor_135,0.003190810465858328,5,3311.3841241497084,134,
sensor_136,0.0038289725590299937,6,2906.265639054518,1089,
sensor_137,0.004467134652201659,7,2730.3775512738275,1059,
sensor_138,0.008934269304403318,14,152.40786558275798,348,
sensor_139,0.008934269304403318,14,69327.21331627788,518,
sensor_140,0.008934269304403318,14,256970.02205667223,498,
sensor_141,0.008934269304403318,14,0.0,1,zero_variance
sensor_142,0.008934269304403318,14,12.618510114527254,374,
sensor_143,0.00574345883854499,9,1.6430351479054798e-06,63,
sensor_144,0.0012763241863433313,2,0.00376293733180262,961,
sensor_145,0.0012763241863433313,2,0.0007044025657975372,656,
sensor_146,0.0012763241863433313,2,0.00047718164481995044,579,
sensor_147,0.0012763241863433313,2,0.0007356522448624399,294,
sensor_148,0.0012763241863433313,2,351.21125287804455,1551,
sensor_149,0.0019144862795149968,3,0.0,1,zero_variance
sensor_150,0.0019144862795149968,3,10.509543642193679,1443,
sensor_151,0.0019144862795149968,3,961.1575595215788,1498,
sensor_152,0.0019144862795149968,3,545.8794311881048,1394,
sensor_153,0.0019144862795149968,3,8.734167889804674e-05,219,
sensor_154,0.0019144862795149968,3,27.449415246875446,1551,
sensor_155,0.006381620931716656,10,1.2598418658186845,65,
sensor_156,0.0,0,0.0062685995054447535,722,
sensor_157,0.9119336311423102,1429,0.0015632258203744842,128,missing_gt_50pct
sensor_158,0.9119336311423102,1429,165525.95445651622,138,missing_gt_50pct
sensor_159,0.0012763241863433313,2,966373.5820048536,954,
sensor_160,0.0012763241863433313,2,330404.9132297787,744,
sensor_161,0.0012763241863433313,2,17971198.660493694,1411,
sensor_162,0.0012763241863433313,2,42949270.79576657,1325,
sensor_163,0.0012763241863433313,2,0.014881313662845333,260,
sensor_164,0.0012763241863433313,2,0.05882256318688054,219,
sensor_165,0.0012763241863433313,2,0.16591717837444744,404,
sensor_166,0.0012763241863433313,2,1.2538532884469247,62,
sensor_167,0.0012763241863433313,2,0.40039396811648675,31,
sensor_168,0.0012763241863433313,2,0.002269438992343708,207,
sensor_169,0.0012763241863433313,2,0.039171382283487086,652,
sensor_170,0.0006381620931716656,1,0.02479616199950628,331,
sensor_171,0.0006381620931716656,1,0.0036948002448026957,306,
sensor_172,0.0006381620931716656,1,0.005075565875199426,307,
sensor_173,0.0006381620931716656,1,0.009164992446402996,319,
sensor_174,0.0006381620931716656,1,0.005076118763304893,308,
sensor_175,0.0006381620931716656,1,0.01353083984098597,327,
sensor_176,0.0006381620931716656,1,0.0056126754801839405,319,
sensor_177,0.0006381620931716656,1,0.08003408544510138,250,
sensor_178,0.015315890236119975,24,0.0,1,zero_variance
sensor_179,0.0006381620931716656,1,0.0,1,zero_variance
sensor_180,0.0006381620931716656,1,10.966909259300062,890,
sensor_181,0.0006381620931716656,1,0.050356146480114584,687,
sensor_182,0.0006381620931716656,1,17.33931721318432,905,
sensor_183,0.0006381620931716656,1,46.73227578390108,1508,
sensor_184,0.0006381620931716656,1,0.012143535428771949,1054,
sensor_185,0.0006381620931716656,1,51.6776997384925,739,
sensor_186,0.0006381620931716656,1,0.0,1,zero_variance
sensor_187,0.0006381620931716656,1,74.13057970584575,1015,
sensor_188,0.0006381620931716656,1,471.4055601706311,1550,
sensor_189,0.0006381620931716656,1,0.0,1,zero_variance
sensor_190,0.0025526483726866626,4,0.0,1,zero_variance
sensor_191,0.0025526483726866626,4,0.0,1,zero_variance
sensor_192,0.0025526483726866626,4,0.0,1,zero_variance
sensor_193,0.0025526483726866626,4,0.0,1,zero_variance
sensor_194,0.0025526483726866626,4,0.0,1,zero_variance
sensor_195,0.0025526483726866626,4,0.15617273678118265,206,
sensor_196,0.004467134652201659,7,247.1475212506373,867,
sensor_197,0.0038289725590299937,6,111.34811387021797,898,
sensor_198,0.0038289725590299937,6,0.28912687634816603,773,
sensor_199,0.0038289725590299937,6,270.45631224297375,920,
sensor_200,0.004467134652201659,7,75.5285880322692,1008,
sensor_201,0.004467134652201659,7,26.055868479136855,861,
sensor_202,0.004467134652201659,7,213.82933337608895,1470,
sensor_203,0.0038289725590299937,6,304.9143865363077,1501,
sensor_204,0.0038289725590299937,6,319339.4098861674,1210,
sensor_205,0.0038289725590299937,6,133.1965906903037,841,
sensor_206,0.0038289725590299937,6,0.0025624599615631013,2,
sensor_207,0.0038289725590299937,6,306.16448132558025,1046,
sensor_208,0.0038289725590299937,6,787.7645072420943,1549,
sensor_209,0.0038289725590299937,6,1.3643962203715536,2,
sensor_210,0.015315890236119975,24,0.0017694254949636578,798,
sensor_211,0.015315890236119975,24,0.0006252572111363566,653,
sensor_212,0.015315890236119975,24,0.0009971475888599448,681,
sensor_213,0.015315890236119975,24,0.0028121346527600903,810,
sensor_214,0.015315890236119975,24,0.0031872429007366015,803,
sensor_215,0.015315890236119975,24,0.0009264001095193305,823,
sensor_216,0.015315890236119975,24,0.0006637996380541218,728,
sensor_217,0.015315890236119975,24,0.0021421589156585996,836,
sensor_218,0.0006381620931716656,1,1.3699206375617332,1539,
sensor_219,0.007657945118059987,12,2.709666910824467e-06,64,
sensor_220,0.8557753669432036,1341,3.956145722713864e-06,69,missing_gt_50pct
sensor_221,0.0,0,0.0005431335934801514,408,
sensor_222,0.0,0,0.0031289219135327046,178,
sensor_223,0.0,0,3042.184631248854,973,
sensor_224,0.03254626675175495,51,0.005071041370359726,720,
sensor_225,0.03254626675175495,51,187636.3145715577,1472,
sensor_226,0.0038289725590299937,6,0.0,1,zero_variance
sensor_227,0.0012763241863433313,2,0.00011568535685511875,329,
sensor_228,0.0012763241863433313,2,0.00011545240637997106,292,
sensor_229,0.0038289725590299937,6,0.0,1,zero_variance
sensor_230,0.0038289725590299937,6,0.0,1,zero_variance
sensor_231,0.0038289725590299937,6,0.0,1,zero_variance
sensor_232,0.0038289725590299937,6,0.0,1,zero_variance
sensor_233,0.0038289725590299937,6,0.0,1,zero_variance
sensor_234,0.0038289725590299937,6,0.0,1,zero_variance
sensor_235,0.0038289725590299937,6,0.0,1,zero_variance
sensor_236,0.0038289725590299937,6,0.0,1,zero_variance
sensor_237,0.0038289725590299937,6,0.0,1,zero_variance
sensor_238,0.0012763241863433313,2,2.883026564146981e-06,93,
sensor_239,0.0012763241863433313,2,2.077649044393421e-06,80,
sensor_240,0.0038289725590299937,6,0.0,1,zero_variance
sensor_241,0.0038289725590299937,6,0.0,1,zero_variance
sensor_242,0.0038289725590299937,6,0.0,1,zero_variance
sensor_243,0.0038289725590299937,6,0.0,1,zero_variance
sensor_244,0.6496490108487556,1018,0.0071601418224907926,66,missing_gt_50pct
sensor_245,0.6496490108487556,1018,18.797550918141543,539,missing_gt_50pct
sensor_246,0.6496490108487556,1018,100.90370885550442,547,missing_gt_50pct
sensor_247,0.4562858966177409,715,0.0044729609821502455,490,
sensor_248,0.0,0,0.0024240922937240877,426,
sensor_249,0.0,0,0.0002487177487222495,23,
sensor_250,0.0,0,2980.862326808877,1566,
sensor_251,0.0,0,0.0014041876618898236,143,
sensor_252,0.0,0,4141.534582737881,1533,
sensor_253,0.015315890236119975,24,0.0005028853663715386,442,
sensor_254,0.0,0,8.339595473694763e-05,291,
sensor_255,0.0,0,0.01448031208936551,1317,
sensor_256,0.00574345883854499,9,0.0,1,zero_variance
sensor_257,0.00574345883854499,9,0.0,1,zero_variance
sensor_258,0.00574345883854499,9,0.0,1,zero_variance
sensor_259,0.00574345883854499,9,0.0,1,zero_variance
sensor_260,0.00574345883854499,9,0.0,1,zero_variance
sensor_261,0.00574345883854499,9,0.0,1,zero_variance
sensor_262,0.00574345883854499,9,0.0,1,zero_variance
sensor_263,0.00574345883854499,9,0.0,1,zero_variance
sensor_264,0.00574345883854499,9,0.0,1,zero_variance
sensor_265,0.00574345883854499,9,0.0,1,zero_variance
sensor_266,0.00574345883854499,9,0.0,1,zero_variance
sensor_267,0.005105296745373325,8,0.0008790437182667866,291,
sensor_268,0.005105296745373325,8,53.940275985279065,333,
sensor_269,0.005105296745373325,8,1.3278623084429058,330,
sensor_270,0.003190810465858328,5,70.5938162909928,599,
sensor_271,0.0038289725590299937,6,319.2095926072209,1559,
sensor_272,0.004467134652201659,7,314.61937769026923,1557,
sensor_273,0.008934269304403318,14,14.672443034394142,518,
sensor_274,0.008934269304403318,14,7328.692765671911,518,
sensor_275,0.008934269304403318,14,28543.904042891212,458,
sensor_276,0.008934269304403318,14,0.0,1,zero_variance
sensor_277,0.008934269304403318,14,1.4314621638372607,512,
sensor_278,0.00574345883854499,9,1.1562307950429671e-07,22,
sensor_279,0.0012763241863433313,2,0.00041165020374561825,541,
sensor_280,0.0012763241863433313,2,4.2029430190467626e-05,246,
sensor_281,0.0012763241863433313,2,3.075236236241962e-05,227,
sensor_282,0.0012763241863433313,2,7.310877011513035e-05,114,
sensor_283,0.0012763241863433313,2,34.39029371966324,1515,
sensor_284,0.0019144862795149968,3,0.0,1,zero_variance
sensor_285,0.0019144862795149968,3,0.9272202024925957,1527,
sensor_286,0.0019144862795149968,3,95.33236267006544,1540,
sensor_287,0.0019144862795149968,3,54.5580592644778,1076,
sensor_288,0.0019144862795149968,3,8.620655585609024e-06,87,
sensor_289,0.0019144862795149968,3,2.6146672488961116,1522,
sensor_290,0.006381620931716656,10,0.07343396952895373,324,
sensor_291,0.0,0,0.0006527422682057538,354,
sensor_292,0.9119336311423102,1429,0.0001321040622024754,92,missing_gt_50pct
sensor_293,0.9119336311423102,1429,18959.21988262364,138,missing_gt_50pct
sensor_294,0.0012763241863433313,2,227576.7751849205,1562,
sensor_295,0.0012763241863433313,2,80389.65886567647,1561,
sensor_296,0.0012763241863433313,2,3901064.9050965295,1565,
sensor_297,0.0012763241863433313,2,10413040.424779663,1559,
sensor_298,0.0012763241863433313,2,0.004124833624482159,725,
sensor_299,0.0012763241863433313,2,0.017115280696191462,626,
sensor_300,0.0012763241863433313,2,0.04802548035925741,967,
sensor_301,0.0012763241863433313,2,0.11021184043908877,1134,
sensor_302,0.0012763241863433313,2,0.03901177806887395,569,
sensor_303,0.0012763241863433313,2,0.00021055787276010556,509,
sensor_304,0.0012763241863433313,2,0.004207780405799825,1105,
sensor_305,0.0006381620931716656,1,0.003293323864733413,314,
sensor_306,0.0006381620931716656,1,0.0006451578550753023,262,
sensor_307,0.0006381620931716656,1,0.0007544715993618384,286,
sensor_308,0.0006381620931716656,1,0.001128504135748065,293,
sensor_309,0.0006381620931716656,1,0.0007546066849179245,290,
sensor_310,0.0006381620931716656,1,0.001888758204468763,310,
sensor_311,0.0006381620931716656,1,0.0008292196066574453,276,
sensor_312,0.0006381620931716656,1,0.013762984826786465,307,
sensor_313,0.015315890236119975,24,0.0,1,zero_variance
sensor_314,0.015315890236119975,24,0.0,1,zero_variance
sensor_315,0.0006381620931716656,1,0.0,1,zero_variance
sensor_316,0.0006381620931716656,1,1.0376054107044177,1533,
sensor_317,0.0006381620931716656,1,0.005240653758583967,1160,
sensor_318,0.0006381620931716656,1,1.4784856824773236,1535,
sensor_319,0.0006381620931716656,1,4.748297235151135,1550,
sensor_320,0.0006381620931716656,1,0.0010166399821975773,550,
sensor_321,0.0006381620931716656,1,4.481665675012632,1511,
sensor_322,0.0006381620931716656,1,0.0,1,zero_variance
sensor_323,0.0006381620931716656,1,6.344652353984879,1536,
sensor_324,0.0006381620931716656,1,43.76946528399796,1560,
sensor_325,0.0006381620931716656,1,0.0,1,zero_variance
sensor_326,0.0025526483726866626,4,0.0,1,zero_variance
sensor_327,0.0025526483726866626,4,0.0,1,zero_variance
sensor_328,0.0025526483726866626,4,0.0,1,zero_variance
sensor_329,0.0025526483726866626,4,0.0,1,zero_variance
sensor_330,0.0025526483726866626,4,0.0,1,zero_variance
sensor_331,0.0025526483726866626,4,0.004022667883023144,313,
sensor_332,0.004467134652201659,7,31.868574712994025,1517,
sensor_333,0.0038289725590299937,6,11.583450360611057,1527,
sensor_334,0.0038289725590299937,6,0.029888376975788042,1145,
sensor_335,0.0038289725590299937,6,33.42641831175359,1526,
sensor_336,0.004467134652201659,7,57.095114917236614,1532,
sensor_337,0.004467134652201659,7,2.888078659500958,1517,
sensor_338,0.004467134652201659,7,31.866272815254646,1520,
sensor_339,0.0038289725590299937,6,36.90200404035224,1543,
sensor_340,0.0038289725590299937,6,68507.01699296547,761,
sensor_341,0.0038289725590299937,6,13.453504845055905,1517,
sensor_342,0.0038289725590299937,6,0.00012811520819987177,2,
sensor_343,0.0038289725590299937,6,28.856504578348332,1541,
sensor_344,0.0038289725590299937,6,79.1249580078209,1551,
sensor_345,0.5067007019783025,794,306.70395341911615,767,missing_gt_50pct
sensor_346,0.5067007019783025,794,291.6409430608228,762,missing_gt_50pct
sensor_347,0.0038289725590299937,6,0.12403515444586814,2,
sensor_348,0.015315890236119975,24,0.0001407184629131352,357,
sensor_349,0.015315890236119975,24,0.00011242800894042212,373,
sensor_350,0.015315890236119975,24,0.00020522439258338355,435,
sensor_351,0.015315890236119975,24,0.0006033369437810857,499,
sensor_352,0.015315890236119975,24,0.00017311069178995892,354,
sensor_353,0.015315890236119975,24,0.0002402274658072564,563,
sensor_354,0.015315890236119975,24,0.00017076997384111165,486,
sensor_355,0.015315890236119975,24,0.0004975884980494312,572,
sensor_356,0.0006381620931716656,1,0.14970523332802893,1473,
sensor_357,0.007657945118059987,12,2.5092530012787247e-07,28,
sensor_358,0.8557753669432036,1341,1.5579410029498525e-07,20,missing_gt_50pct
sensor_359,0.0,0,5.0927598464824886e-05,215,
sensor_360,0.0,0,0.00040010275615932363,97,
sensor_361,0.0,0,290.9175070439967,972,
sensor_362,0.03254626675175495,51,0.0004684651270714142,389,
sensor_363,0.03254626675175495,51,19265.975199106724,1516,
sensor_364,0.0038289725590299937,6,0.0,1,zero_variance
sensor_365,0.0012763241863433313,2,7.054390421872319e-06,120,
sensor_366,0.0012763241863433313,2,5.676063644460423e-06,107,
sensor_367,0.0038289725590299937,6,7.2850359237175365e-06,113,
sensor_368,0.0038289725590299937,6,4.4381107689022485e-06,97,
sensor_369,0.0038289725590299937,6,0.0,1,zero_variance
sensor_370,0.0038289725590299937,6,0.0,1,zero_variance
sensor_371,0.0038289725590299937,6,0.0,1,zero_variance
sensor_372,0.0038289725590299937,6,0.0,1,zero_variance
sensor_373,0.0038289725590299937,6,0.0,1,zero_variance
sensor_374,0.0038289725590299937,6,0.0,1,zero_variance
sensor_375,0.0038289725590299937,6,0.0,1,zero_variance
sensor_376,0.0012763241863433313,2,2.8553000008171066e-07,36,
sensor_377,0.0012763241863433313,2,2.176596259284378e-07,31,
sensor_378,0.0038289725590299937,6,0.0,1,zero_variance
sensor_379,0.0038289725590299937,6,0.0,1,zero_variance
sensor_380,0.0038289725590299937,6,0.0,1,zero_variance
sensor_381,0.0038289725590299937,6,0.0,1,zero_variance
sensor_382,0.6496490108487556,1018,0.0007150255983008255,29,missing_gt_50pct
sensor_383,0.6496490108487556,1018,1.7983340765992584,525,missing_gt_50pct
sensor_384,0.6496490108487556,1018,10.03893210892492,536,missing_gt_50pct
sensor_385,0.4562858966177409,715,0.00020637127979786278,232,
sensor_386,0.0,0,0.00023988228085489272,191,
sensor_387,0.0,0,2.489345869184106e-05,22,
sensor_388,0.0,0,296.7696399335292,1564,
sensor_389,0.0,0,0.0001396179597395516,92,
sensor_390,0.0,0,413.16315191933387,1458,
sensor_391,0.015315890236119975,24,4.539670690529087e-05,183,
sensor_392,0.0,0,8.73529629711132e-06,109,
sensor_393,0.0,0,0.0014752123041889677,953,
sensor_394,0.00574345883854499,9,0.0,1,zero_variance
sensor_395,0.00574345883854499,9,0.0,1,zero_variance
sensor_396,0.00574345883854499,9,0.0,1,zero_variance
sensor_397,0.00574345883854499,9,0.0,1,zero_variance
sensor_398,0.00574345883854499,9,0.0,1,zero_variance
sensor_399,0.00574345883854499,9,0.0,1,zero_variance
sensor_400,0.00574345883854499,9,0.0,1,zero_variance
sensor_401,0.00574345883854499,9,0.0,1,zero_variance
sensor_402,0.00574345883854499,9,0.0,1,zero_variance
sensor_403,0.00574345883854499,9,0.0,1,zero_variance
sensor_404,0.00574345883854499,9,0.0,1,zero_variance
sensor_405,0.005105296745373325,8,0.00011509577804474579,228,
sensor_406,0.005105296745373325,8,8.006541582696899,335,
sensor_407,0.005105296745373325,8,0.13301421099402122,331,
sensor_408,0.003190810465858328,5,6.646690706388383,593,
sensor_409,0.0038289725590299937,6,3.157171928805614,1548,
sensor_410,0.004467134652201659,7,4.507035329702209,1545,
sensor_411,0.008934269304403318,14,0.3041237591176539,509,
sensor_412,0.008934269304403318,14,339.06145961681995,518,
sensor_413,0.008934269304403318,14,2238.0906541333597,518,
sensor_414,0.008934269304403318,14,0.0,1,zero_variance
sensor_415,0.008934269304403318,14,15.668704344108992,513,
sensor_416,0.00574345883854499,9,1.0721218245803499,510,
sensor_417,0.0012763241863433313,2,16.439093333064413,1551,
sensor_418,0.0012763241863433313,2,82773.86919974207,1051,
sensor_419,0.0012763241863433313,2,105916.65539177277,851,
sensor_420,0.0012763241863433313,2,9.34948205353656,1514,
sensor_421,0.0012763241863433313,2,47.80139408857714,1534,
sensor_422,0.0019144862795149968,3,0.0,1,zero_variance
sensor_423,0.0019144862795149968,3,1062.5600328960102,1563,
sensor_424,0.0019144862795149968,3,40.01024358072442,1529,
sensor_425,0.0019144862795149968,3,540.921334755091,1540,
sensor_426,0.0019144862795149968,3,0.9912593206650394,1481,
sensor_427,0.0019144862795149968,3,9.254643130984597,1538,
sensor_428,0.006381620931716656,10,113.0549498666854,404,
sensor_429,0.0,0,41.41425080456852,1542,
sensor_430,0.0012763241863433313,2,1300.3296922394181,1551,
sensor_431,0.0012763241863433313,2,1324.6256894228723,1553,
sensor_432,0.0012763241863433313,2,15923.591792191692,1503,
sensor_433,0.0012763241863433313,2,50976.09826125072,1371,
sensor_434,0.0012763241863433313,2,1163.4139257327113,1537,
sensor_435,0.0012763241863433313,2,1181.2823834964026,1524,
sensor_436,0.0012763241863433313,2,1194.2418098497415,1539,
sensor_437,0.0012763241863433313,2,2.5962028463559723,1495,
sensor_438,0.0012763241863433313,2,1163.3591692890325,967,
sensor_439,0.0012763241863433313,2,1472.731019631313,1550,
sensor_440,0.0012763241863433313,2,38.06236958575535,1557,
sensor_441,0.0006381620931716656,1,0.033934322921996586,325,
sensor_442,0.0006381620931716656,1,0.43453746523762954,335,
sensor_443,0.0006381620931716656,1,0.020607190357725468,330,
sensor_444,0.0006381620931716656,1,0.024187001465470318,325,
sensor_445,0.0006381620931716656,1,0.019952177712835452,329,
sensor_446,0.0006381620931716656,1,0.03103171440513467,338,
sensor_447,0.0006381620931716656,1,0.007475463626818291,317,
sensor_448,0.0006381620931716656,1,0.05582603044177591,326,
sensor_449,0.015315890236119975,24,0.0,1,zero_variance
sensor_450,0.015315890236119975,24,0.0,1,zero_variance
sensor_451,0.0006381620931716656,1,0.0,1,zero_variance
sensor_452,0.0006381620931716656,1,0.844921981789023,1518,
sensor_453,0.0006381620931716656,1,5.0661205755315635,1550,
sensor_454,0.0006381620931716656,1,9.361521769484815,1555,
sensor_455,0.0006381620931716656,1,0.8805422376655854,1527,
sensor_456,0.0006381620931716656,1,66.0298587942972,1551,
sensor_457,0.0006381620931716656,1,20.591052812503875,1547,
sensor_458,0.0006381620931716656,1,0.0,1,zero_variance
sensor_459,0.0006381620931716656,1,1.81057551982899,1518,
sensor_460,0.0006381620931716656,1,177.82726279971905,1564,
sensor_461,0.0006381620931716656,1,0.0,1,zero_variance
sensor_462,0.0025526483726866626,4,0.0,1,zero_variance
sensor_463,0.0025526483726866626,4,0.0,1,zero_variance
sensor_464,0.0025526483726866626,4,0.0,1,zero_variance
sensor_465,0.0025526483726866626,4,0.0,1,zero_variance
sensor_466,0.0025526483726866626,4,0.0,1,zero_variance
sensor_467,0.0025526483726866626,4,75.23348330879874,417,
sensor_468,0.004467134652201659,7,53253.36903615582,1317,
sensor_469,0.0038289725590299937,6,9.933116345587658,1514,
sensor_470,0.0038289725590299937,6,24.83394358387029,1547,
sensor_471,0.0038289725590299937,6,103.51265770020767,1552,
sensor_472,0.004467134652201659,7,2275.1031474836427,1560,
sensor_473,0.004467134652201659,7,504.3215147103955,1558,
sensor_474,0.004467134652201659,7,616.1772514136496,1559,
sensor_475,0.0038289725590299937,6,6.818229535930373,1526,
sensor_476,0.0038289725590299937,6,223.19134142580052,1559,
sensor_477,0.0038289725590299937,6,103.7347569600712,1537,
sensor_478,0.0038289725590299937,6,25.624599615631,2,
sensor_479,0.0038289725590299937,6,6.962253864646225,1507,
sensor_480,0.0038289725590299937,6,1278.240778722215,1560,
sensor_481,0.0038289725590299937,6,0.0,1,zero_variance
sensor_482,0.015315890236119975,24,78967.36390634248,1062,
sensor_483,0.015315890236119975,24,37196.68161902012,1402,
sensor_484,0.015315890236119975,24,45422.96382065921,1324,
sensor_485,0.015315890236119975,24,47825.322839277396,1358,
sensor_486,0.015315890236119975,24,82578.10885811066,1039,
sensor_487,0.015315890236119975,24,69610.30305993861,1199,
sensor_488,0.015315890236119975,24,63526.05259491402,1314,
sensor_489,0.015315890236119975,24,52005.29829136766,1344,
sensor_490,0.0006381620931716656,1,325.7524003853413,1562,
sensor_491,0.007657945118059987,12,1.4988684958663916,472,
sensor_492,0.8557753669432036,1341,3.0950035010385446,226,missing_gt_50pct
sensor_493,0.0,0,0.9485752718627894,572,
sensor_494,0.0,0,43.76087456670305,894,
sensor_495,0.0,0,10.627726759625522,964,
sensor_496,0.03254626675175495,51,606.2225123037497,1510,
sensor_497,0.03254626675175495,51,24.568349269043164,1509,
sensor_498,0.0038289725590299937,6,0.0,1,zero_variance
sensor_499,0.0012763241863433313,2,105476.42437789941,703,
sensor_500,0.0012763241863433313,2,104331.20301750704,648,
sensor_501,0.0038289725590299937,6,0.0,1,zero_variance
sensor_502,0.0038289725590299937,6,0.0,1,zero_variance
sensor_503,0.0038289725590299937,6,0.0,1,zero_variance
sensor_504,0.0038289725590299937,6,0.0,1,zero_variance
sensor_505,0.0038289725590299937,6,0.0,1,zero_variance
sensor_506,0.0038289725590299937,6,0.0,1,zero_variance
sensor_507,0.0038289725590299937,6,0.0,1,zero_variance
sensor_508,0.0038289725590299937,6,0.0,1,zero_variance
sensor_509,0.0038289725590299937,6,0.0,1,zero_variance
sensor_510,0.0012763241863433313,2,1420.666932711732,1498,
sensor_511,0.0012763241863433313,2,108678.8015108692,586,
sensor_512,0.0038289725590299937,6,0.0,1,zero_variance
sensor_513,0.0038289725590299937,6,0.0,1,zero_variance
sensor_514,0.0038289725590299937,6,0.0,1,zero_variance
sensor_515,0.0038289725590299937,6,0.0,1,zero_variance
sensor_516,0.6496490108487556,1018,116.29206713838936,498,missing_gt_50pct
sensor_517,0.6496490108487556,1018,23.918588850907625,543,missing_gt_50pct
sensor_518,0.6496490108487556,1018,22.239659312418997,542,missing_gt_50pct
sensor_519,0.4562858966177409,715,250.09587596162535,836,
sensor_520,0.0,0,32.51698245164063,1536,
sensor_521,0.0,0,10634.352249241356,9,
sensor_522,0.0,0,50.472995257663,1562,
sensor_523,0.0,0,17.202425110957847,1040,
sensor_524,0.0,0,426.9766858652175,1543,
sensor_525,0.015315890236119975,24,15.36929902068684,1526,
sensor_526,0.0,0,0.9185833359574673,1514,
sensor_527,0.0,0,3.5671786090389914,1549,
sensor_528,0.00574345883854499,9,0.0,1,zero_variance
sensor_529,0.00574345883854499,9,0.0,1,zero_variance
sensor_530,0.00574345883854499,9,0.0,1,zero_variance
sensor_531,0.00574345883854499,9,0.0,1,zero_variance
sensor_532,0.00574345883854499,9,0.0,1,zero_variance
sensor_533,0.00574345883854499,9,0.0,1,zero_variance
sensor_534,0.00574345883854499,9,0.0,1,zero_variance
sensor_535,0.00574345883854499,9,0.0,1,zero_variance
sensor_536,0.00574345883854499,9,0.0,1,zero_variance
sensor_537,0.00574345883854499,9,0.0,1,zero_variance
sensor_538,0.00574345883854499,9,0.0,1,zero_variance
sensor_539,0.005105296745373325,8,1.5697910818881629,333,
sensor_540,0.005105296745373325,8,0.5357190761421322,336,
sensor_541,0.005105296745373325,8,8.388992772650475,336,
sensor_542,0.0012763241863433313,2,7.489852087299702e-06,102,
sensor_543,0.0012763241863433313,2,2.3517591658972244e-06,71,
sensor_544,0.0012763241863433313,2,8.733216214670338e-08,21,
sensor_545,0.0012763241863433313,2,1.7306566992676846,273,
sensor_546,0.16592214422463306,260,0.15137220405833354,1047,
sensor_547,0.16592214422463306,260,25.642953934214496,1023,
sensor_548,0.16592214422463306,260,11.495648540892422,964,
sensor_549,0.16592214422463306,260,0.45339449725334546,1048,
sensor_550,0.16592214422463306,260,24.670631512259934,747,
sensor_551,0.16592214422463306,260,1.8526403049429916,213,
sensor_552,0.16592214422463306,260,0.07630336949571809,973,
sensor_553,0.16592214422463306,260,4.807702119436477,1077,
sensor_554,0.16592214422463306,260,0.35862371543244004,1000,
sensor_555,0.16592214422463306,260,1239.5717370888,1085,
sensor_556,0.16592214422463306,260,1.638421557353267,1070,
sensor_557,0.16592214422463306,260,3.4985212478287133,1062,
sensor_558,0.0006381620931716656,1,0.007032421964754223,365,
sensor_559,0.0006381620931716656,1,0.04055868524944201,399,
sensor_560,0.0006381620931716656,1,0.0026602720685330035,345,
sensor_561,0.0006381620931716656,1,361.99177433938644,414,
sensor_562,0.1742182514358647,273,58.225831611827324,873,
sensor_563,0.1742182514358647,273,0.014824952454537629,785,
sensor_564,0.1742182514358647,273,6.935760827293797,581,
sensor_565,0.1742182514358647,273,0.006580836421564936,753,
sensor_566,0.1742182514358647,273,1.0665956113661423,887,
sensor_567,0.1742182514358647,273,0.0010732798612670055,619,
sensor_568,0.1742182514358647,273,0.9932996100845772,887,
sensor_569,0.1742182514358647,273,104.31138124241882,897,
sensor_570,0.0,0,306.2407606984486,814,
sensor_571,0.0,0,0.07568652701397191,811,
sensor_572,0.0,0,7448.498015119964,518,
sensor_573,0.0,0,0.061741377911449506,754,
sensor_574,0.0,0,724.6944964490278,830,
sensor_575,0.0,0,0.00459563574534154,599,
sensor_576,0.0,0,286.3327187618893,820,
sensor_577,0.0,0,155.88189176043318,851,
sensor_578,0.6056158264199106,949,0.0001376001765511164,322,missing_gt_50pct
sensor_579,0.6056158264199106,949,9.293216209553481e-05,260,missing_gt_50pct
sensor_580,0.6056158264199106,949,9.709367725658657e-06,120,missing_gt_50pct
sensor_581,0.6056158264199106,949,7659.919529835849,611,missing_gt_50pct
sensor_582,0.0006381620931716656,1,1.1589429400315817e-05,171,
sensor_583,0.0006381620931716656,1,0.00029514967826700775,227,
sensor_584,0.0006381620931716656,1,1.3841710146524178e-05,68,
sensor_585,0.0006381620931716656,1,12.802321228728948,1502,
sensor_586,0.0006381620931716656,1,0.00015272451356909404,322,
sensor_587,0.0006381620931716656,1,7.757267970327935e-05,260,
sensor_588,0.0006381620931716656,1,8.220099041533546e-06,120,
sensor_589,0.0006381620931716656,1,8815.692531718618,611,
