group,electrode_id,coat_weight_level,density_level,target_coat_weight_gsm,roll_temp_c,target_density_g_cm3,target_porosity_pct,calendering_date,precal_thickness_sheet_um,precal_thickness_discs_um,precal_coat_weight_gsm,precal_density_g_cm3,precal_porosity_pct,precal_tensile_strength_kpa,semeds_performed,precal_grad_carbon,precal_grad_fluorine,precal_z11_carbon,precal_z11_fluorine,precal_moran_carbon,precal_moran_fluorine,precal_cracks,roll_gap_um,n_passes,cal_thickness_sheet_um,cal_thickness_discs_um,cal_coat_weight_gsm,cal_density_g_cm3,cal_porosity_pct,cal_tensile_strength_kpa,cal_grad_carbon,cal_grad_fluorine,cal_z11_carbon,cal_z11_fluorine,cal_moran_carbon,cal_moran_fluorine,cal_cracks,sd_target_coat_weight_gsm,sd_precal_thickness_sheet_um,sd_precal_thickness_discs_um,sd_precal_coat_weight_gsm,sd_precal_density_g_cm3,sd_precal_porosity_pct,sd_precal_tensile_strength_kpa,sd_cal_thickness_sheet_um,sd_cal_thickness_discs_um,sd_cal_coat_weight_gsm,sd_cal_density_g_cm3,sd_cal_porosity_pct,sd_cal_tensile_strength_kpa
1,NEX_CAT_240_L_85_P,L,P,122.48,85.0,2.7,39.44,2021-10-15,52.4,52.66,120.54,2.29,48.56,728.62,Y,0.00654,0.00978,108.7,47.3,0.605,0.404,N,475.0,2.0,45.1,46.16666667,120.3488372,2.607580815,41.40267832,685.06667,0.01601,0.00922,138.6,48.5,0.615,0.406,Y,1.5,0.8,0.47,0.33,0.021,0.48,52.55,0.68,0.687184271,1.328615233,0.056769243,1.275713327,36.44466
2,NEX_CAT_240_L_85_M,L,M,122.48,85.0,2.95,33.83,2021-10-15,51.6,52.5,120.93,2.3,48.23,728.62,Y,0.00654,0.00978,108.7,47.3,0.605,0.404,N,462.0,1.0,40.6,41.66666667,118.5077519,2.844440543,36.0799878,619.14667,0.02045,0.00968,141.5,45.1,0.64,0.41,Y,1.5,1.08,0.76,2.03,0.033,0.76,52.55,0.6,0.471404521,0.804905413,0.027897238,0.62690423,42.43495
3,NEX_CAT_240_L_85_D,L,D,122.48,85.0,3.2,28.22,2021-10-15,52.3,52.5,120.54,2.3,48.39,728.62,Y,0.00654,0.00978,108.7,47.3,0.605,0.404,N,458.0,3.0,37.6,39.16666667,118.6046512,3.028514874,31.94348597,777.22667,0.02515,0.00592,96.5,40.6,0.57,0.364,Y,1.5,0.87,0.76,1.11,0.037,0.84,52.55,0.6,0.372677996,1.24091555,0.04539867,1.020194831,62.5794
4,NEX_CAT_240_L_120_P,L,P,122.48,120.0,2.7,39.44,2021-10-18,51.6,52.83,123.2558,2.333045,47.57202,728.62,Y,0.00654,0.00978,108.7,47.3,0.605,0.404,N,400.0,1.0,45.0,45.83333333,122.9651163,2.683560072,39.69527927,683.73333,0.01769,0.00176,101.4,48.6,0.592,0.391,Y,1.5,0.49,0.897,1.95,0.0199,0.45,52.55,0.97,0.687184271,0.781226526,0.04836372,1.086825172,24.5442
5,NEX_CAT_240_L_120_M,L,M,122.48,120.0,2.95,33.83,2021-10-18,51.06,52.8,124.379845,2.35,47.05,728.62,Y,0.00654,0.00978,108.7,47.3,0.605,0.404,N,395.0,1.0,41.13,42.0,120.9302326,2.881897028,35.23826903,741.6,0.01502,-0.00043,99.3,55.7,0.581,0.414,Y,1.5,0.98,0.98,1.59,0.0489,1.1,52.55,0.81,1.154700538,2.21812464,0.107297371,2.411176877,49.74995
6,NEX_CAT_240_L_120_D,L,D,122.48,120.0,3.2,28.22,2021-10-18,51.86,51.83,122.9651,2.373077,46.67242,728.62,Y,0.00654,0.00978,108.7,47.3,0.605,0.404,N,390.0,2.0,39.2,38.5,118.7984496,3.086325309,30.64437507,758.56,0.02414,0.00847,109.4,49.2,0.626,0.383,Y,1.5,0.62,1.34,1.94,0.035,0.79,52.55,0.93,0.5,1.061477825,0.056198873,1.262896023,43.75837
7,NEX_CAT_240_L_145_P,L,P,122.48,145.0,2.7,39.44,2021-10-27,53.2,53.2,123.68,2.32,47.75,728.62,Y,0.00654,0.00978,108.7,47.3,0.605,0.404,N,460.0,1.0,45.93,45.83333333,123.5465116,2.697639911,39.3788784,653.6,0.02707,0.00889,97.9,47.1,0.616,0.367,Y,1.5,0.75,0.4,1.19,0.018,0.4,52.55,2.86,1.343709625,1.317971949,0.075898028,1.70557367,41.16568
8,NEX_CAT_240_L_145_M,L,M,122.48,145.0,2.95,33.83,2021-10-27,50.46,52.83,122.19,2.31,48.02,728.62,Y,0.00654,0.00978,108.7,47.3,0.605,0.404,N,450.0,1.0,41.26,42.0,121.124031,2.884456,35.18076406,780.96,0.01096,0.00191,90.5,49.3,0.565,0.4,Y,1.5,0.72,1.07,2.16,0.014,0.31,52.55,0.93,0.577350269,1.007006283,0.047007348,1.056344891,70.74552
9,NEX_CAT_240_L_145_D,L,D,122.48,145.0,3.2,28.22,2021-10-27,52.53,53.0,123.91,2.34,47.46,728.62,Y,0.00654,0.00978,108.7,47.3,0.605,0.404,N,446.0,1.0,39.53,39.66666667,122.4806202,3.087865902,30.60975501,745.65333,0.01132,0.00662,94.9,52.1,0.617,0.38,Y,1.5,0.62,0.63,1.44,0.023,0.52,52.55,0.62,0.745355992,2.166732536,0.019409981,0.436179339,33.95286
10,NEX_CAT_240_H_85_P,H,P,182.73,85.0,2.7,39.44,2021-10-15,74.2,75.33,181.49,2.41,45.85,683.25,Y,0.01758,0.01284,113.4,59.9,0.646,0.459,N,495.0,1.0,68.0,67.83333333,180.1356589,2.655952298,40.3156787,660.05333,0.0062,0.00384,104.6,49.7,0.613,0.413,Y,1.32,1.04,0.47,0.52,0.016,0.35,35.98,0.73,0.897527468,0.934462283,0.032061244,0.720477393,9.29019
11,NEX_CAT_240_H_85_M,H,M,182.73,85.0,2.95,33.83,2021-10-15,73.66,74.66,181.2,2.43,45.4,683.25,Y,0.01758,0.01284,113.4,59.9,0.646,0.459,N,476.0,1.0,61.1,61.5,179.2635659,2.915098652,34.49216513,592.64,0.00954,0.00585,100.4,47.0,0.598,0.413,Y,1.32,0.94,0.74,1.49,0.018,0.42,35.98,0.62,0.5,0.750578168,0.031763346,0.713783057,56.36787
12,NEX_CAT_240_H_85_D,H,D,182.73,85.0,3.2,28.22,2021-10-15,73.13,75.0,180.57,2.41,45.9,683.25,Y,0.01758,0.01284,113.4,59.9,0.646,0.459,N,466.0,2.0,56.3,57.0,177.2286822,3.109384341,30.12619459,609.17333,0.00848,0.00193,95.5,39.8,0.589,0.367,Y,1.32,1.04,0.71,2.19,0.039,0.76,35.98,0.77,0.577350269,1.861373325,0.027488673,0.617722986,48.84755
13,NEX_CAT_240_H_120_P,H,P,182.73,120.0,2.7,39.44,2021-10-18,74.4,73.0,183.5271318,2.514173108,43.50172792,683.25,Y,0.01758,0.01284,113.4,59.9,0.646,0.459,N,420.0,2.0,67.66,68.33333333,184.9806202,2.707092836,39.16645312,698.02667,0.00662,0.00434,105.8,44.7,0.608,0.376,Y,1.32,0.71,0.58,1.41,0.022,0.5,35.98,0.79,0.471404521,0.781226526,0.010215146,0.22955384,63.78453
14,NEX_CAT_240_H_120_M,H,M,182.73,120.0,2.95,33.83,2021-10-18,74.4,75.5,184.3023256,2.441252591,45.14039121,683.25,Y,0.01758,0.01284,113.4,59.9,0.646,0.459,N,410.0,2.0,61.8,62.66666667,181.7829457,2.90146198,34.79860719,632.69333,0.01413,0.01001,108.5,48.8,0.638,0.409,Y,1.32,0.71,0.76,1.19,0.0207,0.47,35.98,0.83,0.942809042,0.642756742,0.045738945,1.027841458,44.17364
15,NEX_CAT_240_H_120_D,H,D,182.73,120.0,3.2,28.22,2021-10-18,73.4,75.33,183.3333333,2.43383316,45.30712,683.25,Y,0.01758,0.01284,113.4,59.9,0.646,0.459,N,400.0,2.0,57.66,57.83333333,179.5542636,3.105397912,30.21577727,634.34667,0.00615,0.01656,71.1,37.8,0.51,0.341,Y,1.32,0.87,0.75,0.82,0.023,0.52,35.98,0.7,0.687184271,2.034883721,0.065767339,1.477917738,74.72103
16,NEX_CAT_240_H_145_P,H,P,182.73,145.0,2.7,39.44,2021-10-27,73.66,72.4,184.06,2.54,42.94,683.25,Y,0.01758,0.01284,113.4,59.9,0.646,0.459,N,480.0,1.0,68.4,67.66666667,181.3953488,2.681248851,39.74721684,652.16,0.00207,0.00214,96.3,46.7,0.59,0.394,Y,1.32,0.79,0.49,1.94,0.04,0.88,35.98,1.49,0.942809042,0.866693015,0.040120547,0.901585326,38.67062
17,NEX_CAT_240_H_145_M,H,M,182.73,145.0,2.95,33.83,2021-10-27,74.73,75.0,183.1,2.44,45.14,683.25,Y,0.01758,0.01284,113.4,59.9,0.646,0.459,N,473.0,3.0,62.4,63.16666667,182.6550388,2.891999817,35.01124007,687.36,-0.00291,0.00075,92.2,42.9,0.573,0.375,Y,1.32,0.68,0.63,0.79,0.015,0.34,35.98,0.68,0.687184271,0.705437005,0.035161422,0.790144313,82.31573
18,NEX_CAT_240_H_145_D,H,D,182.73,145.0,3.2,28.22,2021-10-27,74.26,74.0,183.04,2.47,44.41,683.25,Y,0.01758,0.01284,113.4,59.9,0.646,0.459,N,460.0,2.0,56.6,57.33333333,179.9418605,3.138800177,29.46516456,705.6,0.00082,0.0029,98.9,42.0,0.592,0.359,Y,1.32,0.68,0.81,1.94,0.026,0.59,35.98,0.96,0.471404521,1.083366268,0.037948035,0.852764838,122.22137
