group,electrode_id,cell_id,replicate,soc_fraction,occurrence,asi_chg_ohmcm2,asi_dis_ohmcm2
1,NEX_CAT_240_L_85_P,DD001,1,0.9,1,41.389463009359126,42.90302622456068
1,NEX_CAT_240_L_85_P,DD001,1,0.8,1,43.88968040388027,45.778222312169184
1,NEX_CAT_240_L_85_P,DD001,1,0.7,1,45.35941415288626,47.61546660562587
1,NEX_CAT_240_L_85_P,DD001,1,0.6,1,47.88773928572887,50.50266098916223
1,NEX_CAT_240_L_85_P,DD001,1,0.5,1,52.584642965051856,56.20799914121636
1,NEX_CAT_240_L_85_P,DD001,1,0.4,1,62.184212885790025,66.5457139713236
1,NEX_CAT_240_L_85_P,DD001,1,0.3,1,86.98178961392863,91.83407180445667
1,NEX_CAT_240_L_85_P,DD001,1,0.2,1,121.0162268091349,122.70252241900931
1,NEX_CAT_240_L_85_P,DD001,1,0.1,1,127.19431287734197,190.1463350526955
1,NEX_CAT_240_L_85_P,DD001,1,0.5,2,43.63476378464356,44.78585109467894
1,NEX_CAT_240_L_85_P,DD001,1,0.2,2,67.41500131397186,77.9442159923938
1,NEX_CAT_240_L_85_P,DD002,2,0.9,1,35.54899523490473,36.422803536558774
1,NEX_CAT_240_L_85_P,DD002,2,0.8,1,36.66871677753629,37.56611046531512
1,NEX_CAT_240_L_85_P,DD002,2,0.7,1,38.12414297870953,39.129034937316426
1,NEX_CAT_240_L_85_P,DD002,2,0.6,1,40.239268413014315,41.41489826491146
1,NEX_CAT_240_L_85_P,DD002,2,0.5,1,44.040038954079556,45.43608509730023
1,NEX_CAT_240_L_85_P,DD002,2,0.4,1,51.34599110264872,53.274003760484334
1,NEX_CAT_240_L_85_P,DD002,2,0.3,1,73.71789090019062,76.77885747555305
1,NEX_CAT_240_L_85_P,DD002,2,0.2,1,113.66140470019401,113.87060550121879
1,NEX_CAT_240_L_85_P,DD002,2,0.1,1,119.0969339642131,175.60449227276632
1,NEX_CAT_240_L_85_P,DD002,2,0.5,2,36.0499363298698,36.73227359660616
1,NEX_CAT_240_L_85_P,DD002,2,0.2,2,59.07245931871891,67.0403046920348
1,NEX_CAT_240_L_85_P,DD056,3,0.9,1,43.4104448,44.6021292
1,NEX_CAT_240_L_85_P,DD056,3,0.8,1,45.5647118,46.7537201
1,NEX_CAT_240_L_85_P,DD056,3,0.7,1,47.2116623,48.5177851
1,NEX_CAT_240_L_85_P,DD056,3,0.6,1,50.4270793,51.8978584
1,NEX_CAT_240_L_85_P,DD056,3,0.5,1,55.6305669,57.3862449
1,NEX_CAT_240_L_85_P,DD056,3,0.4,1,64.6717664,66.5595531
1,NEX_CAT_240_L_85_P,DD056,3,0.3,1,82.0883079,82.8999617
1,NEX_CAT_240_L_85_P,DD056,3,0.2,1,100.681155,100.753629
1,NEX_CAT_240_L_85_P,DD056,3,0.1,1,112.229041,180.08057
1,NEX_CAT_240_L_85_P,DD056,3,0.5,2,43.650326,44.532914
1,NEX_CAT_240_L_85_P,DD056,3,0.2,2,71.5894901,81.6575119
2,NEX_CAT_240_L_85_M,DD032,1,0.9,1,25.0159044,25.3703256
2,NEX_CAT_240_L_85_M,DD032,1,0.8,1,26.0199145,26.4566381
2,NEX_CAT_240_L_85_M,DD032,1,0.7,1,27.4622648,27.9363511
2,NEX_CAT_240_L_85_M,DD032,1,0.6,1,29.8221773,30.4520731
2,NEX_CAT_240_L_85_M,DD032,1,0.5,1,34.0793913,34.8608389
2,NEX_CAT_240_L_85_M,DD032,1,0.4,1,43.2757474,44.3358231
2,NEX_CAT_240_L_85_M,DD032,1,0.3,1,68.1446376,66.6013964
2,NEX_CAT_240_L_85_M,DD032,1,0.2,1,84.6451254,81.4162563
2,NEX_CAT_240_L_85_M,DD032,1,0.1,1,92.7215083,148.685092
2,NEX_CAT_240_L_85_M,DD032,1,0.5,2,22.8184851,22.9060437
2,NEX_CAT_240_L_85_M,DD032,1,0.2,2,46.6238122,54.5064404
2,NEX_CAT_240_L_85_M,DD033,2,0.9,1,20.2536942,20.5462285
2,NEX_CAT_240_L_85_M,DD033,2,0.8,1,21.303681,21.6734495
2,NEX_CAT_240_L_85_M,DD033,2,0.7,1,23.0908877,23.4952625
2,NEX_CAT_240_L_85_M,DD033,2,0.6,1,26.167727,26.7483109
2,NEX_CAT_240_L_85_M,DD033,2,0.5,1,32.3200769,32.9611007
2,NEX_CAT_240_L_85_M,DD033,2,0.4,1,45.4038951,45.5876968
2,NEX_CAT_240_L_85_M,DD033,2,0.3,1,67.5229379,63.3756938
2,NEX_CAT_240_L_85_M,DD033,2,0.2,1,76.4289999,72.5067389
2,NEX_CAT_240_L_85_M,DD033,2,0.1,1,84.4889498,139.405697
2,NEX_CAT_240_L_85_M,DD033,2,0.5,2,16.4950748,16.615635
2,NEX_CAT_240_L_85_M,DD033,2,0.2,2,49.116445,57.1709977
2,NEX_CAT_240_L_85_M,DD034,3,0.9,1,20.2799882,20.6868986
2,NEX_CAT_240_L_85_M,DD034,3,0.8,1,21.2754706,21.7338071
2,NEX_CAT_240_L_85_M,DD034,3,0.7,1,22.7306597,23.2057209
2,NEX_CAT_240_L_85_M,DD034,3,0.6,1,24.9570233,25.4716497
2,NEX_CAT_240_L_85_M,DD034,3,0.5,1,29.0276225,29.7999023
2,NEX_CAT_240_L_85_M,DD034,3,0.4,1,37.9515403,39.0808287
2,NEX_CAT_240_L_85_M,DD034,3,0.3,1,60.452613,59.3940285
2,NEX_CAT_240_L_85_M,DD034,3,0.2,1,78.1053039,75.1811817
2,NEX_CAT_240_L_85_M,DD034,3,0.1,1,85.4398919,139.243622
2,NEX_CAT_240_L_85_M,DD034,3,0.5,2,17.3340277,17.4042455
2,NEX_CAT_240_L_85_M,DD034,3,0.2,2,41.4544473,50.0093126
3,NEX_CAT_240_L_85_D,DD020,1,0.9,1,,
3,NEX_CAT_240_L_85_D,DD020,1,0.8,1,,
3,NEX_CAT_240_L_85_D,DD020,1,0.7,1,,
3,NEX_CAT_240_L_85_D,DD020,1,0.6,1,,
3,NEX_CAT_240_L_85_D,DD020,1,0.5,1,,
3,NEX_CAT_240_L_85_D,DD020,1,0.4,1,,
3,NEX_CAT_240_L_85_D,DD020,1,0.3,1,,
3,NEX_CAT_240_L_85_D,DD020,1,0.2,1,,
3,NEX_CAT_240_L_85_D,DD020,1,0.1,1,,
3,NEX_CAT_240_L_85_D,DD020,1,0.5,2,,
3,NEX_CAT_240_L_85_D,DD020,1,0.2,2,,
3,NEX_CAT_240_L_85_D,DD021,2,0.9,1,20.7997653,20.9052539
3,NEX_CAT_240_L_85_D,DD021,2,0.8,1,21.465667,21.951748
3,NEX_CAT_240_L_85_D,DD021,2,0.7,1,22.9898645,23.4305813
3,NEX_CAT_240_L_85_D,DD021,2,0.6,1,25.7561881,26.3953754
3,NEX_CAT_240_L_85_D,DD021,2,0.5,1,30.5613101,31.578632
3,NEX_CAT_240_L_85_D,DD021,2,0.4,1,41.5656137,42.8561432
3,NEX_CAT_240_L_85_D,DD021,2,0.3,1,62.4902137,61.5041965
3,NEX_CAT_240_L_85_D,DD021,2,0.2,1,72.4727912,72.6668635
3,NEX_CAT_240_L_85_D,DD021,2,0.1,1,82.0057497,156.447
3,NEX_CAT_240_L_85_D,DD021,2,0.5,2,17.2061185,17.2780797
3,NEX_CAT_240_L_85_D,DD021,2,0.2,2,48.509687,59.2380252
3,NEX_CAT_240_L_85_D,DD022,3,0.9,1,18.8619359,19.129583
3,NEX_CAT_240_L_85_D,DD022,3,0.8,1,19.7617063,20.0244062
3,NEX_CAT_240_L_85_D,DD022,3,0.7,1,20.9969855,21.2319011
3,NEX_CAT_240_L_85_D,DD022,3,0.6,1,23.2159363,23.838251
3,NEX_CAT_240_L_85_D,DD022,3,0.5,1,27.4958201,28.4237022
3,NEX_CAT_240_L_85_D,DD022,3,0.4,1,37.1566071,38.4253061
3,NEX_CAT_240_L_85_D,DD022,3,0.3,1,60.3275398,59.8525513
3,NEX_CAT_240_L_85_D,DD022,3,0.2,1,76.0251288,73.7269607
3,NEX_CAT_240_L_85_D,DD022,3,0.1,1,84.1622251,140.74942
3,NEX_CAT_240_L_85_D,DD022,3,0.5,2,15.6760945,15.7346128
3,NEX_CAT_240_L_85_D,DD022,3,0.2,2,41.2233651,50.2027054
4,NEX_CAT_240_L_120_P,DD013,1,0.9,1,28.5053013,29.1085316
4,NEX_CAT_240_L_120_P,DD013,1,0.8,1,29.2019492,29.9499153
4,NEX_CAT_240_L_120_P,DD013,1,0.7,1,30.4245508,31.0686707
4,NEX_CAT_240_L_120_P,DD013,1,0.6,1,32.1559618,32.9835214
4,NEX_CAT_240_L_120_P,DD013,1,0.5,1,35.6309004,36.7465727
4,NEX_CAT_240_L_120_P,DD013,1,0.4,1,43.3302692,45.0620937
4,NEX_CAT_240_L_120_P,DD013,1,0.3,1,70.3461244,73.2009847
4,NEX_CAT_240_L_120_P,DD013,1,0.2,1,106.377564,104.993511
4,NEX_CAT_240_L_120_P,DD013,1,0.1,1,111.296259,166.634365
4,NEX_CAT_240_L_120_P,DD013,1,0.5,2,28.4092132,28.7893581
4,NEX_CAT_240_L_120_P,DD013,1,0.2,2,52.0041768,61.396837
4,NEX_CAT_240_L_120_P,DD015,2,0.9,1,27.5647798,28.1914
4,NEX_CAT_240_L_120_P,DD015,2,0.8,1,28.6859875,29.3927754
4,NEX_CAT_240_L_120_P,DD015,2,0.7,1,29.763724,30.3898025
4,NEX_CAT_240_L_120_P,DD015,2,0.6,1,31.9545811,32.8004222
4,NEX_CAT_240_L_120_P,DD015,2,0.5,1,35.5552705,36.7084863
4,NEX_CAT_240_L_120_P,DD015,2,0.4,1,43.6158279,45.5385682
4,NEX_CAT_240_L_120_P,DD015,2,0.3,1,78.6507004,80.2908988
4,NEX_CAT_240_L_120_P,DD015,2,0.2,1,100.800964,99.1123189
4,NEX_CAT_240_L_120_P,DD015,2,0.1,1,106.250546,159.903948
4,NEX_CAT_240_L_120_P,DD015,2,0.5,2,27.2103671,27.6633774
4,NEX_CAT_240_L_120_P,DD015,2,0.2,2,49.7119288,57.9484273
4,NEX_CAT_240_L_120_P,DD057,3,0.9,1,61.5224942,63.4865655
4,NEX_CAT_240_L_120_P,DD057,3,0.8,1,63.5771618,65.7349077
4,NEX_CAT_240_L_120_P,DD057,3,0.7,1,65.1566669,67.5499028
4,NEX_CAT_240_L_120_P,DD057,3,0.6,1,68.4467809,71.409917
4,NEX_CAT_240_L_120_P,DD057,3,0.5,1,74.5147737,78.2056463
4,NEX_CAT_240_L_120_P,DD057,3,0.4,1,84.571587,88.9452242
4,NEX_CAT_240_L_120_P,DD057,3,0.3,1,104.184542,108.405585
4,NEX_CAT_240_L_120_P,DD057,3,0.2,1,129.553871,133.641787
4,NEX_CAT_240_L_120_P,DD057,3,0.1,1,140.393693,218.395383
4,NEX_CAT_240_L_120_P,DD057,3,0.5,2,63.7583505,65.9867588
4,NEX_CAT_240_L_120_P,DD057,3,0.2,2,92.6409641,106.250777
5,NEX_CAT_240_L_120_M,DD035,1,0.9,1,21.4776449,21.8680269
5,NEX_CAT_240_L_120_M,DD035,1,0.8,1,22.4885413,22.9038026
5,NEX_CAT_240_L_120_M,DD035,1,0.7,1,23.634117,24.0741074
5,NEX_CAT_240_L_120_M,DD035,1,0.6,1,25.2354034,25.6159963
5,NEX_CAT_240_L_120_M,DD035,1,0.5,1,28.0166078,28.3721486
5,NEX_CAT_240_L_120_M,DD035,1,0.4,1,33.4773568,34.1232842
5,NEX_CAT_240_L_120_M,DD035,1,0.3,1,47.4073271,48.2380058
5,NEX_CAT_240_L_120_M,DD035,1,0.2,1,68.4432834,70.1820734
5,NEX_CAT_240_L_120_M,DD035,1,0.1,1,80.0029314,132.888714
5,NEX_CAT_240_L_120_M,DD035,1,0.5,2,19.5298123,19.5427901
5,NEX_CAT_240_L_120_M,DD035,1,0.2,2,40.9032036,47.6486751
5,NEX_CAT_240_L_120_M,DD036,2,0.9,1,27.835662,28.47431
5,NEX_CAT_240_L_120_M,DD036,2,0.8,1,29.2270704,29.7972641
5,NEX_CAT_240_L_120_M,DD036,2,0.7,1,30.7833685,31.4362113
5,NEX_CAT_240_L_120_M,DD036,2,0.6,1,32.8107957,33.5058291
5,NEX_CAT_240_L_120_M,DD036,2,0.5,1,35.8605534,36.6516257
5,NEX_CAT_240_L_120_M,DD036,2,0.4,1,41.0987442,42.0957786
5,NEX_CAT_240_L_120_M,DD036,2,0.3,1,51.2393405,52.4950741
5,NEX_CAT_240_L_120_M,DD036,2,0.2,1,69.6261285,72.6974275
5,NEX_CAT_240_L_120_M,DD036,2,0.1,1,86.5115664,114.946316
5,NEX_CAT_240_L_120_M,DD036,2,0.5,2,28.0838309,28.3934075
5,NEX_CAT_240_L_120_M,DD036,2,0.2,2,51.4575083,59.2476479
5,NEX_CAT_240_L_120_M,DD037,3,0.9,1,26.7244642,27.2491711
5,NEX_CAT_240_L_120_M,DD037,3,0.8,1,27.8755174,28.4293697
5,NEX_CAT_240_L_120_M,DD037,3,0.7,1,29.5084987,30.1972119
5,NEX_CAT_240_L_120_M,DD037,3,0.6,1,32.2644391,33.0000897
5,NEX_CAT_240_L_120_M,DD037,3,0.5,1,36.6331007,37.7054724
5,NEX_CAT_240_L_120_M,DD037,3,0.4,1,45.4953784,46.9787878
5,NEX_CAT_240_L_120_M,DD037,3,0.3,1,65.9925543,66.8012969
5,NEX_CAT_240_L_120_M,DD037,3,0.2,1,85.8980347,84.6935624
5,NEX_CAT_240_L_120_M,DD037,3,0.1,1,94.6721672,149.367911
5,NEX_CAT_240_L_120_M,DD037,3,0.5,2,24.9684635,25.0835742
5,NEX_CAT_240_L_120_M,DD037,3,0.2,2,53.0224042,63.9596797
6,NEX_CAT_240_L_120_D,DD038,1,0.9,1,18.3753886,18.6777392
6,NEX_CAT_240_L_120_D,DD038,1,0.8,1,18.9878162,19.3427985
6,NEX_CAT_240_L_120_D,DD038,1,0.7,1,19.7698813,20.1814181
6,NEX_CAT_240_L_120_D,DD038,1,0.6,1,20.9245446,21.3960395
6,NEX_CAT_240_L_120_D,DD038,1,0.5,1,23.2313896,23.7277358
6,NEX_CAT_240_L_120_D,DD038,1,0.4,1,28.1353547,28.954868
6,NEX_CAT_240_L_120_D,DD038,1,0.3,1,39.4563606,40.6037107
6,NEX_CAT_240_L_120_D,DD038,1,0.2,1,58.625497,61.6162359
6,NEX_CAT_240_L_120_D,DD038,1,0.1,1,72.6424586,133.955659
6,NEX_CAT_240_L_120_D,DD038,1,0.5,2,15.545041,15.5035394
6,NEX_CAT_240_L_120_D,DD038,1,0.2,2,35.2259355,42.5516635
6,NEX_CAT_240_L_120_D,DD039,2,0.9,1,23.8096347,24.2994263
6,NEX_CAT_240_L_120_D,DD039,2,0.8,1,24.9655426,25.3629257
6,NEX_CAT_240_L_120_D,DD039,2,0.7,1,26.4696466,26.9257628
6,NEX_CAT_240_L_120_D,DD039,2,0.6,1,28.7395148,29.2570525
6,NEX_CAT_240_L_120_D,DD039,2,0.5,1,32.4548281,33.2531837
6,NEX_CAT_240_L_120_D,DD039,2,0.4,1,40.0019564,41.0254092
6,NEX_CAT_240_L_120_D,DD039,2,0.3,1,56.0293386,56.8816297
6,NEX_CAT_240_L_120_D,DD039,2,0.2,1,73.5865791,74.5429806
6,NEX_CAT_240_L_120_D,DD039,2,0.1,1,84.2002229,111.739018
6,NEX_CAT_240_L_120_D,DD039,2,0.5,2,22.2557785,22.4042797
6,NEX_CAT_240_L_120_D,DD039,2,0.2,2,47.0275,55.4677543
6,NEX_CAT_240_L_120_D,DD040,3,0.9,1,18.972644,19.2299507
6,NEX_CAT_240_L_120_D,DD040,3,0.8,1,19.6849615,20.0830842
6,NEX_CAT_240_L_120_D,DD040,3,0.7,1,20.9987638,21.3063629
6,NEX_CAT_240_L_120_D,DD040,3,0.6,1,23.0596756,23.4521233
6,NEX_CAT_240_L_120_D,DD040,3,0.5,1,27.0568647,27.6561214
6,NEX_CAT_240_L_120_D,DD040,3,0.4,1,35.9517223,37.2473483
6,NEX_CAT_240_L_120_D,DD040,3,0.3,1,59.6532984,59.212708
6,NEX_CAT_240_L_120_D,DD040,3,0.2,1,81.9834116,78.593368
6,NEX_CAT_240_L_120_D,DD040,3,0.1,1,88.4673618,143.233684
6,NEX_CAT_240_L_120_D,DD040,3,0.5,2,16.1860626,16.1747765
6,NEX_CAT_240_L_120_D,DD040,3,0.2,2,38.8195724,46.734995
7,NEX_CAT_240_L_145_P,DD004,1,0.9,1,67.60294014181804,69.60920075518945
7,NEX_CAT_240_L_145_P,DD004,1,0.8,1,69.22058807985154,71.57717868058582
7,NEX_CAT_240_L_145_P,DD004,1,0.7,1,71.34795876805465,74.22288956765343
7,NEX_CAT_240_L_145_P,DD004,1,0.6,1,74.66024958733267,78.58695086532914
7,NEX_CAT_240_L_145_P,DD004,1,0.5,1,80.98085094293954,85.90538894162185
7,NEX_CAT_240_L_145_P,DD004,1,0.4,1,92.24647019901566,98.93440849626776
7,NEX_CAT_240_L_145_P,DD004,1,0.3,1,114.86698393939466,124.96600704748731
7,NEX_CAT_240_L_145_P,DD004,1,0.2,1,153.50343311417595,163.5678069534592
7,NEX_CAT_240_L_145_P,DD004,1,0.1,1,162.49283184338464,237.20116906566915
7,NEX_CAT_240_L_145_P,DD004,1,0.5,2,72.1099240318337,74.82840302566058
7,NEX_CAT_240_L_145_P,DD004,1,0.2,2,102.39510603439875,117.36626295271306
7,NEX_CAT_240_L_145_P,DD005,2,0.9,1,55.13551558700595,56.87052502735148
7,NEX_CAT_240_L_145_P,DD005,2,0.8,1,56.444459049632144,58.24726530922775
7,NEX_CAT_240_L_145_P,DD005,2,0.7,1,58.054094815383564,60.208184940118194
7,NEX_CAT_240_L_145_P,DD005,2,0.6,1,60.79277315920951,63.296927265421274
7,NEX_CAT_240_L_145_P,DD005,2,0.5,1,65.61061906865947,68.66950619325166
7,NEX_CAT_240_L_145_P,DD005,2,0.4,1,75.7291325751448,79.28760339108273
7,NEX_CAT_240_L_145_P,DD005,2,0.3,1,111.11964115310522,112.67911372011453
7,NEX_CAT_240_L_145_P,DD005,2,0.2,1,134.9007425094993,136.9848742648735
7,NEX_CAT_240_L_145_P,DD005,2,0.1,1,141.01495088792115,208.58349503036087
7,NEX_CAT_240_L_145_P,DD005,2,0.5,2,56.895625884567444,58.684171318536436
7,NEX_CAT_240_L_145_P,DD005,2,0.2,2,91.37486530929434,105.01623065142529
7,NEX_CAT_240_L_145_P,DD006,3,0.9,1,57.40842006134585,59.23910157219015
7,NEX_CAT_240_L_145_P,DD006,3,0.8,1,59.11475305781039,61.00240284950048
7,NEX_CAT_240_L_145_P,DD006,3,0.7,1,61.73654695173883,63.98745440335959
7,NEX_CAT_240_L_145_P,DD006,3,0.6,1,66.0548588890483,68.96629956726717
7,NEX_CAT_240_L_145_P,DD006,3,0.5,1,74.02851673784313,77.91380211360865
7,NEX_CAT_240_L_145_P,DD006,3,0.4,1,91.06601903938127,95.80927465390916
7,NEX_CAT_240_L_145_P,DD006,3,0.3,1,123.11955101076707,124.14915873921925
7,NEX_CAT_240_L_145_P,DD006,3,0.2,1,134.72139700173702,136.79304090762304
7,NEX_CAT_240_L_145_P,DD006,3,0.1,1,143.50683706558982,209.78068647449405
7,NEX_CAT_240_L_145_P,DD006,3,0.5,2,59.01326376529982,60.96732835500619
7,NEX_CAT_240_L_145_P,DD006,3,0.2,2,109.31566949788679,124.37528412994435
8,NEX_CAT_240_L_145_M,DD041,1,0.9,1,23.8813261,24.3083972
8,NEX_CAT_240_L_145_M,DD041,1,0.8,1,25.0534046,25.3681471
8,NEX_CAT_240_L_145_M,DD041,1,0.7,1,26.5716947,27.0102645
8,NEX_CAT_240_L_145_M,DD041,1,0.6,1,29.1144147,29.8142756
8,NEX_CAT_240_L_145_M,DD041,1,0.5,1,33.9178594,34.8619865
8,NEX_CAT_240_L_145_M,DD041,1,0.4,1,44.5240545,45.6712759
8,NEX_CAT_240_L_145_M,DD041,1,0.3,1,65.4365871,63.6030793
8,NEX_CAT_240_L_145_M,DD041,1,0.2,1,76.3506047,74.0177955
8,NEX_CAT_240_L_145_M,DD041,1,0.1,1,84.838634,135.459631
8,NEX_CAT_240_L_145_M,DD041,1,0.5,2,21.1875789,21.3022476
8,NEX_CAT_240_L_145_M,DD041,1,0.2,2,54.2917396,63.1785192
8,NEX_CAT_240_L_145_M,DD042,2,0.9,1,17.2890009,17.5221118
8,NEX_CAT_240_L_145_M,DD042,2,0.8,1,17.9710546,18.2444772
8,NEX_CAT_240_L_145_M,DD042,2,0.7,1,18.691288,19.0521536
8,NEX_CAT_240_L_145_M,DD042,2,0.6,1,19.7803458,20.0092543
8,NEX_CAT_240_L_145_M,DD042,2,0.5,1,21.8116067,22.1364052
8,NEX_CAT_240_L_145_M,DD042,2,0.4,1,25.9960407,26.4967729
8,NEX_CAT_240_L_145_M,DD042,2,0.3,1,35.8130984,36.3645721
8,NEX_CAT_240_L_145_M,DD042,2,0.2,1,51.5339909,53.9950734
8,NEX_CAT_240_L_145_M,DD042,2,0.1,1,66.5027633,121.945517
8,NEX_CAT_240_L_145_M,DD042,2,0.5,2,14.5372822,14.4921766
8,NEX_CAT_240_L_145_M,DD042,2,0.2,2,34.2310414,39.8445544
8,NEX_CAT_240_L_145_M,DD043,3,0.9,1,19.6497415,19.9444795
8,NEX_CAT_240_L_145_M,DD043,3,0.8,1,20.5739972,20.9182277
8,NEX_CAT_240_L_145_M,DD043,3,0.7,1,21.9097679,22.2162481
8,NEX_CAT_240_L_145_M,DD043,3,0.6,1,23.9583136,24.4018247
8,NEX_CAT_240_L_145_M,DD043,3,0.5,1,27.7778252,28.4437827
8,NEX_CAT_240_L_145_M,DD043,3,0.4,1,36.0106424,36.8843188
8,NEX_CAT_240_L_145_M,DD043,3,0.3,1,56.5075944,55.0449416
8,NEX_CAT_240_L_145_M,DD043,3,0.2,1,72.7731411,69.5151791
8,NEX_CAT_240_L_145_M,DD043,3,0.1,1,80.5861788,128.935849
8,NEX_CAT_240_L_145_M,DD043,3,0.5,2,16.6501235,16.6703038
8,NEX_CAT_240_L_145_M,DD043,3,0.2,2,38.6900929,45.1225705
9,NEX_CAT_240_L_145_D,DD023,1,0.9,1,18.0409822,18.3241229
9,NEX_CAT_240_L_145_D,DD023,1,0.8,1,18.9346686,19.2031487
9,NEX_CAT_240_L_145_D,DD023,1,0.7,1,20.285198,20.5765255
9,NEX_CAT_240_L_145_D,DD023,1,0.6,1,22.7343154,23.2104783
9,NEX_CAT_240_L_145_D,DD023,1,0.5,1,27.2509533,28.0759196
9,NEX_CAT_240_L_145_D,DD023,1,0.4,1,38.4495508,40.1329621
9,NEX_CAT_240_L_145_D,DD023,1,0.3,1,62.4521108,63.5889002
9,NEX_CAT_240_L_145_D,DD023,1,0.2,1,69.4146639,70.5038093
9,NEX_CAT_240_L_145_D,DD023,1,0.1,1,74.9155951,125.719327
9,NEX_CAT_240_L_145_D,DD023,1,0.5,2,14.0733666,14.099855
9,NEX_CAT_240_L_145_D,DD023,1,0.2,2,32.7130168,39.4136218
9,NEX_CAT_240_L_145_D,DD024,2,0.9,1,16.7870535,17.0189593
9,NEX_CAT_240_L_145_D,DD024,2,0.8,1,17.7721321,18.0698569
9,NEX_CAT_240_L_145_D,DD024,2,0.7,1,19.0634395,19.2889529
9,NEX_CAT_240_L_145_D,DD024,2,0.6,1,21.483544,21.8292558
9,NEX_CAT_240_L_145_D,DD024,2,0.5,1,26.5610271,27.2046811
9,NEX_CAT_240_L_145_D,DD024,2,0.4,1,38.08744,39.876585
9,NEX_CAT_240_L_145_D,DD024,2,0.3,1,62.1353857,61.6388084
9,NEX_CAT_240_L_145_D,DD024,2,0.2,1,70.5667089,69.8488256
9,NEX_CAT_240_L_145_D,DD024,2,0.1,1,76.5061604,127.087495
9,NEX_CAT_240_L_145_D,DD024,2,0.5,2,12.9618314,12.974281
9,NEX_CAT_240_L_145_D,DD024,2,0.2,2,35.6458577,42.9851305
9,NEX_CAT_240_L_145_D,DD025,3,0.9,1,17.5588292,17.8460052
9,NEX_CAT_240_L_145_D,DD025,3,0.8,1,18.3070311,18.5866732
9,NEX_CAT_240_L_145_D,DD025,3,0.7,1,19.5109358,19.7625012
9,NEX_CAT_240_L_145_D,DD025,3,0.6,1,21.5479915,21.9078733
9,NEX_CAT_240_L_145_D,DD025,3,0.5,1,25.9564511,26.631536
9,NEX_CAT_240_L_145_D,DD025,3,0.4,1,36.1281825,37.1539364
9,NEX_CAT_240_L_145_D,DD025,3,0.3,1,60.6549893,58.7361551
9,NEX_CAT_240_L_145_D,DD025,3,0.2,1,75.7499846,71.3489968
9,NEX_CAT_240_L_145_D,DD025,3,0.1,1,82.0112504,133.387612
9,NEX_CAT_240_L_145_D,DD025,3,0.5,2,14.3544881,14.319517
9,NEX_CAT_240_L_145_D,DD025,3,0.2,2,40.2782387,48.5649293
10,NEX_CAT_240_H_85_P,DD059,1,0.9,1,86.3973418,88.997088
10,NEX_CAT_240_H_85_P,DD059,1,0.8,1,89.0829917,92.6701936
10,NEX_CAT_240_H_85_P,DD059,1,0.7,1,93.4538293,99.0555061
10,NEX_CAT_240_H_85_P,DD059,1,0.6,1,99.8884222,107.556917
10,NEX_CAT_240_H_85_P,DD059,1,0.5,1,114.104758,122.990299
10,NEX_CAT_240_H_85_P,DD059,1,0.4,1,139.884052,147.901741
10,NEX_CAT_240_H_85_P,DD059,1,0.3,1,159.838099,168.247155
10,NEX_CAT_240_H_85_P,DD059,1,0.2,1,168.197766,179.654775
10,NEX_CAT_240_H_85_P,DD059,1,0.1,1,176.707285,247.61739
10,NEX_CAT_240_H_85_P,DD059,1,0.5,2,97.0981535,104.139571
10,NEX_CAT_240_H_85_P,DD059,1,0.2,2,150.607476,184.295218
10,NEX_CAT_240_H_85_P,DD027,2,0.9,1,97.2107986,102.856088
10,NEX_CAT_240_H_85_P,DD027,2,0.8,1,98.4709239,105.462776
10,NEX_CAT_240_H_85_P,DD027,2,0.7,1,100.67151,109.57578
10,NEX_CAT_240_H_85_P,DD027,2,0.6,1,105.256345,116.587184
10,NEX_CAT_240_H_85_P,DD027,2,0.5,1,113.717044,127.371028
10,NEX_CAT_240_H_85_P,DD027,2,0.4,1,134.103724,149.110483
10,NEX_CAT_240_H_85_P,DD027,2,0.3,1,160.395766,173.323514
10,NEX_CAT_240_H_85_P,DD027,2,0.2,1,165.081189,184.644629
10,NEX_CAT_240_H_85_P,DD027,2,0.1,1,174.219069,250.178202
10,NEX_CAT_240_H_85_P,DD027,2,0.5,2,104.618123,114.560295
10,NEX_CAT_240_H_85_P,DD027,2,0.2,2,147.710554,182.915612
10,NEX_CAT_240_H_85_P,DD028,3,0.9,1,115.955444,120.995281
10,NEX_CAT_240_H_85_P,DD028,3,0.8,1,118.04782,126.207895
10,NEX_CAT_240_H_85_P,DD028,3,0.7,1,123.38275,135.085951
10,NEX_CAT_240_H_85_P,DD028,3,0.6,1,133.781976,148.853572
10,NEX_CAT_240_H_85_P,DD028,3,0.5,1,152.202832,170.891428
10,NEX_CAT_240_H_85_P,DD028,3,0.4,1,171.923875,190.889854
10,NEX_CAT_240_H_85_P,DD028,3,0.3,1,179.723431,201.115756
10,NEX_CAT_240_H_85_P,DD028,3,0.2,1,188.46647,217.431529
10,NEX_CAT_240_H_85_P,DD028,3,0.1,1,200.560974,320.111005
10,NEX_CAT_240_H_85_P,DD028,3,0.5,2,122.672698,135.523523
10,NEX_CAT_240_H_85_P,DD028,3,0.2,2,174.194693,216.714571
11,NEX_CAT_240_H_85_M,DD053,1,0.9,1,19.5738219,19.9183524
11,NEX_CAT_240_H_85_M,DD053,1,0.8,1,20.4772712,20.9225515
11,NEX_CAT_240_H_85_M,DD053,1,0.7,1,21.9042991,22.3477856
11,NEX_CAT_240_H_85_M,DD053,1,0.6,1,24.3374394,24.9365866
11,NEX_CAT_240_H_85_M,DD053,1,0.5,1,29.7796117,30.5661782
11,NEX_CAT_240_H_85_M,DD053,1,0.4,1,44.984218,44.69453
11,NEX_CAT_240_H_85_M,DD053,1,0.3,1,66.3110536,60.0267571
11,NEX_CAT_240_H_85_M,DD053,1,0.2,1,66.8972139,62.5594906
11,NEX_CAT_240_H_85_M,DD053,1,0.1,1,71.8050465,107.431543
11,NEX_CAT_240_H_85_M,DD053,1,0.5,2,17.3357008,17.4489371
11,NEX_CAT_240_H_85_M,DD053,1,0.2,2,52.6462572,60.0345393
11,NEX_CAT_240_H_85_M,DD055,2,0.9,1,19.3225911,19.7670323
11,NEX_CAT_240_H_85_M,DD055,2,0.8,1,20.6275562,21.1149746
11,NEX_CAT_240_H_85_M,DD055,2,0.7,1,22.2683833,22.8696343
11,NEX_CAT_240_H_85_M,DD055,2,0.6,1,25.238357,25.9899555
11,NEX_CAT_240_H_85_M,DD055,2,0.5,1,32.0757903,32.9064442
11,NEX_CAT_240_H_85_M,DD055,2,0.4,1,51.1676768,48.8481836
11,NEX_CAT_240_H_85_M,DD055,2,0.3,1,63.417402,57.1778839
11,NEX_CAT_240_H_85_M,DD055,2,0.2,1,64.5937294,60.1517127
11,NEX_CAT_240_H_85_M,DD055,2,0.1,1,69.4913472,106.638716
11,NEX_CAT_240_H_85_M,DD055,2,0.5,2,17.6270873,17.8359457
11,NEX_CAT_240_H_85_M,DD055,2,0.2,2,54.6696755,62.7137479
11,NEX_CAT_240_H_85_M,DD058,3,0.9,1,20.3232254,20.765075
11,NEX_CAT_240_H_85_M,DD058,3,0.8,1,20.9887014,21.4716978
11,NEX_CAT_240_H_85_M,DD058,3,0.7,1,21.679644,22.1334488
11,NEX_CAT_240_H_85_M,DD058,3,0.6,1,23.4059035,23.823339
11,NEX_CAT_240_H_85_M,DD058,3,0.5,1,26.8155201,27.3987765
11,NEX_CAT_240_H_85_M,DD058,3,0.4,1,34.7025744,35.3153936
11,NEX_CAT_240_H_85_M,DD058,3,0.3,1,55.0823862,52.958754
11,NEX_CAT_240_H_85_M,DD058,3,0.2,1,61.9133966,60.5187797
11,NEX_CAT_240_H_85_M,DD058,3,0.1,1,66.8412407,113.74749
11,NEX_CAT_240_H_85_M,DD058,3,0.5,2,19.1935362,19.4259206
11,NEX_CAT_240_H_85_M,DD058,3,0.2,2,34.7643877,40.5670167
12,NEX_CAT_240_H_85_D,DD007,1,0.9,1,23.32962868149006,24.297922844467276
12,NEX_CAT_240_H_85_D,DD007,1,0.8,1,25.78887760915097,27.517418227289948
12,NEX_CAT_240_H_85_D,DD007,1,0.7,1,29.673665186926996,31.664117780062206
12,NEX_CAT_240_H_85_D,DD007,1,0.6,1,37.16058776826103,39.521413006550866
12,NEX_CAT_240_H_85_D,DD007,1,0.5,1,56.30923913354455,55.974061317848886
12,NEX_CAT_240_H_85_D,DD007,1,0.4,1,69.04930147386622,69.36205596700746
12,NEX_CAT_240_H_85_D,DD007,1,0.3,1,68.81807297196569,69.98870588959802
12,NEX_CAT_240_H_85_D,DD007,1,0.2,1,70.05784098377477,73.58267102162841
12,NEX_CAT_240_H_85_D,DD007,1,0.1,1,74.83651593922738,126.23204343758522
12,NEX_CAT_240_H_85_D,DD007,1,0.5,2,25.3553438436871,28.372714849845902
12,NEX_CAT_240_H_85_D,DD007,1,0.2,2,60.77585827470439,77.62123338365129
12,NEX_CAT_240_H_85_D,DD008,2,0.9,1,31.092493196394088,39.00018300376087
12,NEX_CAT_240_H_85_D,DD008,2,0.8,1,36.563127046559295,44.9232875353829
12,NEX_CAT_240_H_85_D,DD008,2,0.7,1,44.31836403276263,54.129308478231714
12,NEX_CAT_240_H_85_D,DD008,2,0.6,1,59.860700250562935,67.47355338581683
12,NEX_CAT_240_H_85_D,DD008,2,0.5,1,70.49592687265223,75.56450143879509
12,NEX_CAT_240_H_85_D,DD008,2,0.4,1,70.21357804463584,74.05385754554132
12,NEX_CAT_240_H_85_D,DD008,2,0.3,1,69.04915582358369,73.87834446820877
12,NEX_CAT_240_H_85_D,DD008,2,0.2,1,70.33830341128562,80.16704882461859
12,NEX_CAT_240_H_85_D,DD008,2,0.1,1,73.97271631844966,141.0390190871275
12,NEX_CAT_240_H_85_D,DD008,2,0.5,2,45.82953547069074,50.244486149258414
12,NEX_CAT_240_H_85_D,DD008,2,0.2,2,62.095870072518046,80.24308147093603
12,NEX_CAT_240_H_85_D,DD009,3,0.9,1,23.416671286608608,23.908776652309037
12,NEX_CAT_240_H_85_D,DD009,3,0.8,1,25.96016881965001,26.518097317160258
12,NEX_CAT_240_H_85_D,DD009,3,0.7,1,29.748156327033374,30.542522002370774
12,NEX_CAT_240_H_85_D,DD009,3,0.6,1,37.99963979672742,38.425244344630876
12,NEX_CAT_240_H_85_D,DD009,3,0.5,1,59.8793198418801,56.335929519154014
12,NEX_CAT_240_H_85_D,DD009,3,0.4,1,65.14322793952215,60.46400858450948
12,NEX_CAT_240_H_85_D,DD009,3,0.3,1,65.07560851961576,60.10932304088515
12,NEX_CAT_240_H_85_D,DD009,3,0.2,1,66.35569108904666,65.60692218430009
12,NEX_CAT_240_H_85_D,DD009,3,0.1,1,71.13079120780807,122.71833036776154
12,NEX_CAT_240_H_85_D,DD009,3,0.5,2,23.670136456118506,23.999400244405628
12,NEX_CAT_240_H_85_D,DD009,3,0.2,2,58.77424066397936,69.13980109238138
13,NEX_CAT_240_H_120_P,DD050,1,0.9,1,59.5786822,62.0787202
13,NEX_CAT_240_H_120_P,DD050,1,0.8,1,61.2388952,64.0860783
13,NEX_CAT_240_H_120_P,DD050,1,0.7,1,63.7745338,67.3219893
13,NEX_CAT_240_H_120_P,DD050,1,0.6,1,67.7255745,72.1295244
13,NEX_CAT_240_H_120_P,DD050,1,0.5,1,75.5957684,80.6305902
13,NEX_CAT_240_H_120_P,DD050,1,0.4,1,94.6918047,98.1266896
13,NEX_CAT_240_H_120_P,DD050,1,0.3,1,111.073417,111.289682
13,NEX_CAT_240_H_120_P,DD050,1,0.2,1,116.72591,119.999804
13,NEX_CAT_240_H_120_P,DD050,1,0.1,1,124.626511,181.765433
13,NEX_CAT_240_H_120_P,DD050,1,0.5,2,63.665504,67.200153
13,NEX_CAT_240_H_120_P,DD050,1,0.2,2,104.951838,120.91611
13,NEX_CAT_240_H_120_P,DD051,2,0.9,1,85.6632858,86.7017061
13,NEX_CAT_240_H_120_P,DD051,2,0.8,1,95.7793218,96.0847672
13,NEX_CAT_240_H_120_P,DD051,2,0.7,1,104.619269,104.694961
13,NEX_CAT_240_H_120_P,DD051,2,0.6,1,116.158536,114.661577
13,NEX_CAT_240_H_120_P,DD051,2,0.5,1,128.895097,125.672596
13,NEX_CAT_240_H_120_P,DD051,2,0.4,1,134.304314,131.868832
13,NEX_CAT_240_H_120_P,DD051,2,0.3,1,139.060722,138.092726
13,NEX_CAT_240_H_120_P,DD051,2,0.2,1,144.831144,149.28097
13,NEX_CAT_240_H_120_P,DD051,2,0.1,1,152.353548,214.343063
13,NEX_CAT_240_H_120_P,DD051,2,0.5,2,110.991102,111.028279
13,NEX_CAT_240_H_120_P,DD051,2,0.2,2,134.777754,156.447512
13,NEX_CAT_240_H_120_P,DD052,3,0.9,1,51.0265583,52.8645454
13,NEX_CAT_240_H_120_P,DD052,3,0.8,1,53.1121943,55.1873717
13,NEX_CAT_240_H_120_P,DD052,3,0.7,1,55.5191433,57.9477764
13,NEX_CAT_240_H_120_P,DD052,3,0.6,1,58.7871804,61.7431166
13,NEX_CAT_240_H_120_P,DD052,3,0.5,1,64.8475674,68.2979959
13,NEX_CAT_240_H_120_P,DD052,3,0.4,1,77.4265408,80.7737496
13,NEX_CAT_240_H_120_P,DD052,3,0.3,1,102.550517,101.427096
13,NEX_CAT_240_H_120_P,DD052,3,0.2,1,106.705668,108.606646
13,NEX_CAT_240_H_120_P,DD052,3,0.1,1,113.888272,163.518867
13,NEX_CAT_240_H_120_P,DD052,3,0.5,2,53.6398289,55.9415208
13,NEX_CAT_240_H_120_P,DD052,3,0.2,2,86.9630563,99.5292614
14,NEX_CAT_240_H_120_M,DD047,1,0.9,1,19.5445674,19.8941582
14,NEX_CAT_240_H_120_M,DD047,1,0.8,1,20.6514948,21.1490274
14,NEX_CAT_240_H_120_M,DD047,1,0.7,1,22.2444131,22.8330286
14,NEX_CAT_240_H_120_M,DD047,1,0.6,1,25.3026213,26.0224621
14,NEX_CAT_240_H_120_M,DD047,1,0.5,1,33.4264535,34.1471434
14,NEX_CAT_240_H_120_M,DD047,1,0.4,1,53.7187072,51.2399661
14,NEX_CAT_240_H_120_M,DD047,1,0.3,1,62.6812266,57.723813
14,NEX_CAT_240_H_120_M,DD047,1,0.2,1,64.1904826,61.4013878
14,NEX_CAT_240_H_120_M,DD047,1,0.1,1,69.0797556,109.945286
14,NEX_CAT_240_H_120_M,DD047,1,0.5,2,18.5978627,18.9231869
14,NEX_CAT_240_H_120_M,DD047,1,0.2,2,54.8725082,64.5462998
14,NEX_CAT_240_H_120_M,DD048,2,0.9,1,19.2324747,19.7186513
14,NEX_CAT_240_H_120_M,DD048,2,0.8,1,20.6228767,21.1519143
14,NEX_CAT_240_H_120_M,DD048,2,0.7,1,22.4664948,23.1646365
14,NEX_CAT_240_H_120_M,DD048,2,0.6,1,26.2616288,27.240021
14,NEX_CAT_240_H_120_M,DD048,2,0.5,1,35.7098884,36.693372
14,NEX_CAT_240_H_120_M,DD048,2,0.4,1,62.0130145,56.1367418
14,NEX_CAT_240_H_120_M,DD048,2,0.3,1,65.0204272,58.0580764
14,NEX_CAT_240_H_120_M,DD048,2,0.2,1,66.2572249,61.1006175
14,NEX_CAT_240_H_120_M,DD048,2,0.1,1,70.968646,104.89666
14,NEX_CAT_240_H_120_M,DD048,2,0.5,2,17.3272265,17.5472889
14,NEX_CAT_240_H_120_M,DD048,2,0.2,2,55.2278729,63.5694028
14,NEX_CAT_240_H_120_M,DD049,3,0.9,1,19.3478913,19.7657221
14,NEX_CAT_240_H_120_M,DD049,3,0.8,1,20.0891283,20.5000497
14,NEX_CAT_240_H_120_M,DD049,3,0.7,1,21.132458,21.5972797
14,NEX_CAT_240_H_120_M,DD049,3,0.6,1,23.2297814,23.653402
14,NEX_CAT_240_H_120_M,DD049,3,0.5,1,27.5534981,28.1290249
14,NEX_CAT_240_H_120_M,DD049,3,0.4,1,40.7680815,40.8409862
14,NEX_CAT_240_H_120_M,DD049,3,0.3,1,63.3445407,57.3956024
14,NEX_CAT_240_H_120_M,DD049,3,0.2,1,63.6733929,59.4723174
14,NEX_CAT_240_H_120_M,DD049,3,0.1,1,68.1638952,102.204427
14,NEX_CAT_240_H_120_M,DD049,3,0.5,2,17.5968016,17.7245993
14,NEX_CAT_240_H_120_M,DD049,3,0.2,2,42.8748828,48.6672507
15,NEX_CAT_240_H_120_D,DD016,1,0.9,1,19.2398721,19.7652976
15,NEX_CAT_240_H_120_D,DD016,1,0.8,1,20.3640685,20.9063656
15,NEX_CAT_240_H_120_D,DD016,1,0.7,1,22.0971105,22.8291329
15,NEX_CAT_240_H_120_D,DD016,1,0.6,1,25.4913826,26.4561628
15,NEX_CAT_240_H_120_D,DD016,1,0.5,1,34.5439727,35.9966515
15,NEX_CAT_240_H_120_D,DD016,1,0.4,1,64.2561036,61.2891025
15,NEX_CAT_240_H_120_D,DD016,1,0.3,1,67.6849869,64.6471815
15,NEX_CAT_240_H_120_D,DD016,1,0.2,1,69.5819866,66.6470814
15,NEX_CAT_240_H_120_D,DD016,1,0.1,1,75.5750647,113.23365
15,NEX_CAT_240_H_120_D,DD016,1,0.5,2,17.2022735,17.4263745
15,NEX_CAT_240_H_120_D,DD016,1,0.2,2,56.0370763,67.527319
15,NEX_CAT_240_H_120_D,DD017,2,0.9,1,17.9831162,18.4111848
15,NEX_CAT_240_H_120_D,DD017,2,0.8,1,19.0751267,19.5217575
15,NEX_CAT_240_H_120_D,DD017,2,0.7,1,20.5845201,21.0920729
15,NEX_CAT_240_H_120_D,DD017,2,0.6,1,23.4330705,24.1247876
15,NEX_CAT_240_H_120_D,DD017,2,0.5,1,30.5959479,31.7436489
15,NEX_CAT_240_H_120_D,DD017,2,0.4,1,51.5128412,52.9439825
15,NEX_CAT_240_H_120_D,DD017,2,0.3,1,57.6921192,58.5991355
15,NEX_CAT_240_H_120_D,DD017,2,0.2,1,58.9203603,60.0671849
15,NEX_CAT_240_H_120_D,DD017,2,0.1,1,64.3075873,105.583212
15,NEX_CAT_240_H_120_D,DD017,2,0.5,2,14.2004203,14.3020306
15,NEX_CAT_240_H_120_D,DD017,2,0.2,2,39.1656984,47.6836514
15,NEX_CAT_240_H_120_D,DD018,3,0.9,1,18.8377065,19.2989809
15,NEX_CAT_240_H_120_D,DD018,3,0.8,1,20.2925895,20.975881
15,NEX_CAT_240_H_120_D,DD018,3,0.7,1,22.5835594,23.3496596
15,NEX_CAT_240_H_120_D,DD018,3,0.6,1,27.4165951,28.5005401
15,NEX_CAT_240_H_120_D,DD018,3,0.5,1,41.9254427,41.7345592
15,NEX_CAT_240_H_120_D,DD018,3,0.4,1,59.3252197,54.3545458
15,NEX_CAT_240_H_120_D,DD018,3,0.3,1,60.6918588,55.0515083
15,NEX_CAT_240_H_120_D,DD018,3,0.2,1,62.2987747,59.3242551
15,NEX_CAT_240_H_120_D,DD018,3,0.1,1,67.215789,112.228375
15,NEX_CAT_240_H_120_D,DD018,3,0.5,2,17.0127127,17.4761672
15,NEX_CAT_240_H_120_D,DD018,3,0.2,2,52.9469141,62.5581634
16,NEX_CAT_240_H_145_P,DD029,1,0.9,1,78.5601535,81.1653446
16,NEX_CAT_240_H_145_P,DD029,1,0.8,1,80.4927526,84.0454832
16,NEX_CAT_240_H_145_P,DD029,1,0.7,1,83.9197679,89.1188299
16,NEX_CAT_240_H_145_P,DD029,1,0.6,1,90.5421984,97.8527478
16,NEX_CAT_240_H_145_P,DD029,1,0.5,1,104.276354,112.786352
16,NEX_CAT_240_H_145_P,DD029,1,0.4,1,127.853476,134.917843
16,NEX_CAT_240_H_145_P,DD029,1,0.3,1,141.325599,148.304976
16,NEX_CAT_240_H_145_P,DD029,1,0.2,1,149.056621,160.286361
16,NEX_CAT_240_H_145_P,DD029,1,0.1,1,158.900777,228.882352
16,NEX_CAT_240_H_145_P,DD029,1,0.5,2,84.8297611,90.7792559
16,NEX_CAT_240_H_145_P,DD029,1,0.2,2,131.911332,162.892322
16,NEX_CAT_240_H_145_P,DD030,2,0.9,1,90.3706624,93.5428354
16,NEX_CAT_240_H_145_P,DD030,2,0.8,1,90.9174509,95.6517449
16,NEX_CAT_240_H_145_P,DD030,2,0.7,1,92.8076671,99.9155565
16,NEX_CAT_240_H_145_P,DD030,2,0.6,1,96.6461961,106.400416
16,NEX_CAT_240_H_145_P,DD030,2,0.5,1,105.181815,117.516573
16,NEX_CAT_240_H_145_P,DD030,2,0.4,1,130.555581,143.202832
16,NEX_CAT_240_H_145_P,DD030,2,0.3,1,150.23321,162.856058
16,NEX_CAT_240_H_145_P,DD030,2,0.2,1,159.277893,180.024202
16,NEX_CAT_240_H_145_P,DD030,2,0.1,1,169.131008,258.645958
16,NEX_CAT_240_H_145_P,DD030,2,0.5,2,97.2421907,105.647259
16,NEX_CAT_240_H_145_P,DD030,2,0.2,2,140.848824,184.665289
16,NEX_CAT_240_H_145_P,DD031,3,0.9,1,83.5543905,86.5004841
16,NEX_CAT_240_H_145_P,DD031,3,0.8,1,85.6214368,89.5954624
16,NEX_CAT_240_H_145_P,DD031,3,0.7,1,89.1096483,94.678184
16,NEX_CAT_240_H_145_P,DD031,3,0.6,1,95.0782569,102.622091
16,NEX_CAT_240_H_145_P,DD031,3,0.5,1,107.21327,115.843013
16,NEX_CAT_240_H_145_P,DD031,3,0.4,1,133.480701,139.804011
16,NEX_CAT_240_H_145_P,DD031,3,0.3,1,146.010948,152.537119
16,NEX_CAT_240_H_145_P,DD031,3,0.2,1,152.061838,163.636411
16,NEX_CAT_240_H_145_P,DD031,3,0.1,1,160.887747,228.117862
16,NEX_CAT_240_H_145_P,DD031,3,0.5,2,89.3945603,95.8450681
16,NEX_CAT_240_H_145_P,DD031,3,0.2,2,137.607451,169.763071
17,NEX_CAT_240_H_145_M,DD044,1,0.9,1,21.6096001,22.0593936
17,NEX_CAT_240_H_145_M,DD044,1,0.8,1,22.1065205,22.6611159
17,NEX_CAT_240_H_145_M,DD044,1,0.7,1,22.9401361,23.4946121
17,NEX_CAT_240_H_145_M,DD044,1,0.6,1,24.6241096,25.1139211
17,NEX_CAT_240_H_145_M,DD044,1,0.5,1,27.9972574,28.7362005
17,NEX_CAT_240_H_145_M,DD044,1,0.4,1,36.6427299,37.612696
17,NEX_CAT_240_H_145_M,DD044,1,0.3,1,67.7249025,63.3543947
17,NEX_CAT_240_H_145_M,DD044,1,0.2,1,69.9018321,67.0692867
17,NEX_CAT_240_H_145_M,DD044,1,0.1,1,74.3882101,108.644747
17,NEX_CAT_240_H_145_M,DD044,1,0.5,2,20.6368827,20.8343692
17,NEX_CAT_240_H_145_M,DD044,1,0.2,2,41.1650922,47.3813182
17,NEX_CAT_240_H_145_M,DD045,2,0.9,1,23.6697412,24.2056228
17,NEX_CAT_240_H_145_M,DD045,2,0.8,1,24.9876104,25.579299
17,NEX_CAT_240_H_145_M,DD045,2,0.7,1,26.9097105,27.6641618
17,NEX_CAT_240_H_145_M,DD045,2,0.6,1,30.6992333,31.690695
17,NEX_CAT_240_H_145_M,DD045,2,0.5,1,39.19672,40.3999306
17,NEX_CAT_240_H_145_M,DD045,2,0.4,1,62.1626162,59.204941
17,NEX_CAT_240_H_145_M,DD045,2,0.3,1,70.8335255,65.2172271
17,NEX_CAT_240_H_145_M,DD045,2,0.2,1,72.4414059,68.1808111
17,NEX_CAT_240_H_145_M,DD045,2,0.1,1,77.8328432,111.786188
17,NEX_CAT_240_H_145_M,DD045,2,0.5,2,22.5835809,22.871744
17,NEX_CAT_240_H_145_M,DD045,2,0.2,2,60.3404215,70.2078714
17,NEX_CAT_240_H_145_M,DD046,3,0.9,1,19.4848572,19.9375789
17,NEX_CAT_240_H_145_M,DD046,3,0.8,1,20.432319,20.9238875
17,NEX_CAT_240_H_145_M,DD046,3,0.7,1,21.7713912,22.2999146
17,NEX_CAT_240_H_145_M,DD046,3,0.6,1,23.9858409,24.638119
17,NEX_CAT_240_H_145_M,DD046,3,0.5,1,28.5669484,29.4947019
17,NEX_CAT_240_H_145_M,DD046,3,0.4,1,40.7119332,41.1226378
17,NEX_CAT_240_H_145_M,DD046,3,0.3,1,66.0734085,60.2246326
17,NEX_CAT_240_H_145_M,DD046,3,0.2,1,66.322742,61.9701103
17,NEX_CAT_240_H_145_M,DD046,3,0.1,1,70.762212,100.642095
17,NEX_CAT_240_H_145_M,DD046,3,0.5,2,17.6420502,17.7837843
17,NEX_CAT_240_H_145_M,DD046,3,0.2,2,44.7582756,51.6407396
18,NEX_CAT_240_H_145_D,DD010,1,0.9,1,21.794668640309567,22.181913231566117
18,NEX_CAT_240_H_145_D,DD010,1,0.8,1,24.02366684949404,24.577059462304838
18,NEX_CAT_240_H_145_D,DD010,1,0.7,1,27.512164136085293,28.296175886430863
18,NEX_CAT_240_H_145_D,DD010,1,0.6,1,34.60026816383971,35.113055627873855
18,NEX_CAT_240_H_145_D,DD010,1,0.5,1,51.779473976498856,49.72876671592534
18,NEX_CAT_240_H_145_D,DD010,1,0.4,1,65.86720820779173,60.6625832837563
18,NEX_CAT_240_H_145_D,DD010,1,0.3,1,66.0812300396612,61.13356909753481
18,NEX_CAT_240_H_145_D,DD010,1,0.2,1,67.82033845170284,64.80183534310332
18,NEX_CAT_240_H_145_D,DD010,1,0.1,1,72.08773682311887,110.95664236856759
18,NEX_CAT_240_H_145_D,DD010,1,0.5,2,22.43933370453059,22.808604175960294
18,NEX_CAT_240_H_145_D,DD010,1,0.2,2,56.41527534906272,67.8481900401248
18,NEX_CAT_240_H_145_D,DD011,2,0.9,1,19.611360796171525,20.164081205323114
18,NEX_CAT_240_H_145_D,DD011,2,0.8,1,21.060514119158004,21.746730414351497
18,NEX_CAT_240_H_145_D,DD011,2,0.7,1,23.326613745900442,24.152205410284527
18,NEX_CAT_240_H_145_D,DD011,2,0.6,1,28.348434216638463,29.443013574911756
18,NEX_CAT_240_H_145_D,DD011,2,0.5,1,43.18102908726106,43.94041548318006
18,NEX_CAT_240_H_145_D,DD011,2,0.4,1,62.78016290044037,59.34564136499456
18,NEX_CAT_240_H_145_D,DD011,2,0.3,1,61.840336509164125,58.61976022717128
18,NEX_CAT_240_H_145_D,DD011,2,0.2,1,63.40871993131666,62.05418514015938
18,NEX_CAT_240_H_145_D,DD011,2,0.1,1,67.32598971227584,109.91805540109247
18,NEX_CAT_240_H_145_D,DD011,2,0.5,2,18.11881223966467,18.44301004771345
18,NEX_CAT_240_H_145_D,DD011,2,0.2,2,54.07417806785652,65.3715891806937
18,NEX_CAT_240_H_145_D,DD012,3,0.9,1,22.844563227414316,23.231424491644372
18,NEX_CAT_240_H_145_D,DD012,3,0.8,1,25.74964806812051,26.248442822437244
18,NEX_CAT_240_H_145_D,DD012,3,0.7,1,29.90962898409279,30.20709466606007
18,NEX_CAT_240_H_145_D,DD012,3,0.6,1,38.47502984509294,37.91966066728148
18,NEX_CAT_240_H_145_D,DD012,3,0.5,1,60.39274225898585,54.34956705914801
18,NEX_CAT_240_H_145_D,DD012,3,0.4,1,62.61294025381054,56.07097395521244
18,NEX_CAT_240_H_145_D,DD012,3,0.3,1,61.949395612359226,55.679138503628835
18,NEX_CAT_240_H_145_D,DD012,3,0.2,1,62.289139798980486,60.832350498368854
18,NEX_CAT_240_H_145_D,DD012,3,0.1,1,66.07811725000252,117.47715621699173
18,NEX_CAT_240_H_145_D,DD012,3,0.5,2,23.84021854565783,23.88031550711501
18,NEX_CAT_240_H_145_D,DD012,3,0.2,2,56.10549266349023,63.20495407492581
