group,electrode_id,cell_id,replicate,coating_id,coat_weight_level,target_coat_weight_gsm,roll_temp_c,density_level,target_density_g_cm3,target_porosity_pct,roll_gap_um,n_passes,coating_thickness_um,coating_weight_gsm,density_g_cm3,porosity_pct,area_cm2,active_mass_g,coating_mass_g,total_thickness_um,expected_capacity_mah,cal_tensile_strength_kpa,precal_tensile_strength_kpa,cal_grad_carbon,cal_grad_fluorine,cal_moran_carbon,cal_moran_fluorine,test_equipment,channel,v_after_assembly_v,cap_dis_c20_mah,cap_dis_c5_mah,cap_dis_c2_mah,cap_dis_1c_mah,cap_dis_2c_mah,cap_dis_5c_mah,cap_dis_10c_mah,grav_dis_c20_mahg,grav_dis_c5_mahg,grav_dis_c2_mahg,grav_dis_1c_mahg,grav_dis_2c_mahg,grav_dis_5c_mahg,grav_dis_10c_mahg,rate_ratio_5c_over_0p2c,first_cycle_loss_pct,asi_chg_soc90_ohmcm2,asi_dis_soc90_ohmcm2,asi_chg_soc50_ohmcm2,asi_dis_soc50_ohmcm2,asi_chg_soc20_ohmcm2,asi_dis_soc20_ohmcm2,cyc_cap_c10_cycle0_mah,cyc_cap_c2_cycle1_mah,cyc_cap_c2_cycle50_mah,cyc_cap_c10_cycle51_mah,retention_50cyc_pct
1,NEX_CAT_240_L_85_P,DD001,1,L_85_P_4,L,122.48,85.0,P,2.7,39.44,475.0,2.0,45.0,119.5733088916081,2.6571846420357352,40.395140376049014,1.719464,0.019737792,0.0205602,58.0,3.2567356800000002,685.06667,728.62,0.01601,0.00922,0.615,0.406,BCS3,G6,3.19,3.266396978859555,3.18304404822035,3.039472908324068,2.924030189028716,2.781690111094582,2.459053203375075,1.421935982783636,165.48948225108234,161.26647034381304,153.99254933500504,148.1437330492041,140.9321828446962,124.58603289441265,72.04128925786816,0.7725476512805216,,41.389463009359126,42.90302622456068,52.584642965051856,56.20799914121636,121.0162268091349,122.70252241900931,3.29145490650294,3.05505,2.99977,3.23698,98.19053697975482
1,NEX_CAT_240_L_85_P,DD002,2,L_85_P_7,L,122.48,85.0,P,2.7,39.44,475.0,2.0,45.0,119.66636114510105,2.6592524698911344,40.348755722495866,1.719464,0.019753152000000003,0.020576200000000003,58.0,3.2592700800000003,685.06667,728.62,0.01601,0.00922,0.615,0.406,BCS3,G7,3.23,3.28477083799643,3.201591652635137,3.057627080951865,2.941363635990088,2.789131668473614,2.454930500787631,1.478548444837994,166.29097158754357,162.0800393089233,154.79185706422268,148.90603970394636,141.19932193472786,124.28044399129975,74.85126651371861,0.7667843894979701,9.086438153390263,35.54899523490473,36.422803536558774,44.040038954079556,45.43608509730023,113.66140470019401,113.87060550121879,3.3147,3.08103553404344,3.02783680073062,3.25962385836063,98.27331031080415
1,NEX_CAT_240_L_85_P,DD056,3,L_85_P_2,L,122.48,85.0,P,2.7,39.44,475.0,2.0,46.0,122.3730185685772,2.6602830123603733,40.32563902287184,1.719464,0.020199936,0.0210416,59.0,3.3329894400000004,685.06667,728.62,0.01601,0.00922,0.615,0.406,BCS2,B5,3.287,3.34553437,3.26435759,3.12027563,3.00447728,2.85581271,2.4772193,1.46460422,165.62103810625933,161.6023728986072,154.4695800026297,148.73697025574734,141.37731475980914,122.63500735843914,72.50538912598535,0.7588688529677902,9.54000430466725,43.4104448,44.6021292,55.6305669,57.3862449,100.681155,100.753629,3.37,3.13,3.07,3.32,98.30743714247103
2,NEX_CAT_240_L_85_M,DD032,1,L_85_M_6,L,122.48,85.0,M,2.95,33.83,462.0,1.0,41.0,117.2004764275379,2.8585482055497042,35.8782367530349,1.719464,0.019346112000000002,0.020152200000000002,54.0,3.1921084800000004,619.14667,728.62,0.02045,0.00968,0.64,0.41,BCS7,C1,3.564,3.19835457,3.15818145,3.01815589,2.90726537,2.76172541,2.45485768,1.64803113,165.3228602212165,163.24631274749157,156.00839538197647,150.2764674369713,142.75351088632175,126.89152631805294,85.18668402209187,0.7773010255633033,8.550986235609969,25.0159044,25.3703256,34.0793913,34.8608389,84.6451254,81.4162563,3.26,3.04,2.98,3.2,98.08906767763396
2,NEX_CAT_240_L_85_M,DD033,2,L_85_M_1,L,122.48,85.0,M,2.95,33.83,462.0,1.0,41.0,117.91232616675893,2.8759103943111928,35.48877536314059,1.719464,0.019463615999999996,0.020274599999999997,54.0,3.2114966399999996,619.14667,728.62,0.02045,0.00968,0.64,0.41,BCS7,C2,3.553,3.23963065,3.16380443,3.01981786,2.91337991,2.77594444,2.47116328,1.7345165,166.44546676218852,162.5496737091402,155.15194401698022,149.68338411526412,142.62223627921966,126.96321587931043,89.11584055090279,0.7810733358129851,9.067909758742632,20.2536942,20.5462285,32.3200769,32.9611007,76.4289999,72.5067389,3.27,3.04,2.98,3.2,98.10751545503649
2,NEX_CAT_240_L_85_M,DD034,3,L_85_M_9,L,122.48,85.0,M,2.95,33.83,462.0,1.0,41.0,118.30896139727265,2.8855844243237225,35.2717715494903,1.719464,0.019529088,0.0203428,54.0,3.22229952,619.14667,728.62,0.02045,0.00968,0.64,0.41,BCS8,C3,,2.99373077,3.17306169,3.02900158,2.92061322,2.77644157,2.45645871,1.6657254,153.295984431019,162.4787440150815,155.10204982434408,149.5519514275321,142.16954575656578,125.78460960388935,85.2945821125902,0.7741604008965864,10.402248319294005,20.2799882,20.6868986,29.0276225,29.7999023,78.1053039,75.1811817,3.28,3.05,3.0,3.22,98.21837797173124
3,NEX_CAT_240_L_85_D,DD020,1,L_85_D_8,L,122.48,85.0,D,3.2,28.22,458.0,3.0,38.0,115.92391582493148,3.050629363813986,31.569552180036208,1.719464,0.019135391999999998,0.019932699999999998,51.0,3.1573396799999998,777.22667,728.62,0.02515,0.00592,0.57,0.364,BCS3,G7,1.903,4.34,3.17,3.03,2.93,2.82,2.59,1.88,226.80486503751794,165.6616180112746,158.3453320423224,153.11941349307088,147.37090308889415,135.35129042561553,98.24726872592943,0.8170347003154574,11.065573770491799,,,,,,,3.23,3.02,2.85,3.09,94.3725665585225
3,NEX_CAT_240_L_85_D,DD021,2,L_85_D_12,L,122.48,85.0,D,3.2,28.22,458.0,3.0,38.0,116.25890393750612,3.0594448404606873,31.371807078046498,1.719464,0.019190688,0.019990300000000003,51.0,3.16646352,777.22667,728.62,0.02515,0.00592,0.57,0.364,BCS3,G8,3.316,3.19316038,3.10991814,2.97044671,2.85332151,2.73332706,2.44159419,1.65416878,166.39113615937063,162.05349907204993,154.78583727691264,148.68260637659262,142.42986285848636,127.22806967629299,86.19642922650819,0.785099182707105,9.354613760928387,20.7997653,20.9052539,30.5613101,31.578632,72.4727912,72.6668635,3.21,2.95,2.87,3.11,97.33399887117429
3,NEX_CAT_240_L_85_D,DD022,3,L_85_D_5,L,122.48,85.0,D,3.2,28.22,458.0,3.0,38.0,116.9905272805944,3.078698086331432,30.939926282381524,1.719464,0.019311455999999998,0.020116099999999998,51.0,3.1863902399999997,777.22667,728.62,0.02515,0.00592,0.57,0.364,BCS3,F6,3.36,3.23486954,3.15005918,3.01280106,2.90355135,2.7645222,2.46361747,1.64230161,167.51039072351668,163.11867836376504,156.01107756970788,150.3538288361064,143.15451926566286,127.57284950445995,85.04286833680486,0.7820860908397282,8.605255201257256,18.8619359,19.129583,27.4958201,28.4237022,76.0251288,73.7269607,3.26,3.02,2.97,3.19,98.06822272618331
4,NEX_CAT_240_L_120_P,DD013,1,L_120_P_2,L,122.48,120.0,P,2.7,39.44,400.0,1.0,47.0,123.63678448632828,2.6305698826878356,40.9921515772132,1.719464,0.020408543999999997,0.021258899999999997,60.0,3.3674097599999997,683.73333,728.62,0.01769,0.00176,0.592,0.391,"BCS1, BCS3","B1, E8",3.27,3.32352513,3.32481911,3.17736292,3.06219846,2.8813593,2.49467171,1.39224438,162.84969324612283,162.91309708326082,155.68787856693748,150.04492530187358,141.18397177182266,122.23663334336837,68.21870193189676,0.7503180255722243,9.102939356516027,28.5053013,29.1085316,35.6309004,36.7465727,106.377564,104.993511,3.37,3.13,3.06,3.24,97.84979794631516
4,NEX_CAT_240_L_120_P,DD015,2,L_120_P_3,L,122.48,120.0,P,2.7,39.44,400.0,1.0,47.0,124.52834139010761,2.649539178512928,40.566640230755326,1.719464,0.020555712,0.0214122,60.0,3.39169248,683.73333,728.62,0.01769,0.00176,0.592,0.391,BCS1,B3,3.206,3.37818052,3.35282209,3.20316021,3.07950234,2.87149125,2.46736902,1.28559214,164.342666408247,163.10902244592646,155.82822964244684,149.8124871568545,139.69310574111955,120.0332549901458,62.54184433017937,0.7359081256828631,9.03237786628932,27.5647798,28.1914,35.5552705,36.7084863,100.800964,99.1123189,3.46,3.22,3.14,3.32,97.88697100771908
4,NEX_CAT_240_L_120_P,DD057,3,L_120_P_9,L,122.48,120.0,P,2.7,39.44,400.0,1.0,45.0,121.13367886736798,2.691859530385955,39.61732771677984,1.719464,0.01999536,0.0208285,58.0,3.2992344,683.73333,728.62,0.01769,0.00176,0.592,0.391,BCS2,B7,3.301,3.30997194,3.23160931,3.08360241,2.96606621,2.81220964,2.36016092,0.93504944,165.53700158436757,161.61796086692112,154.21589858847253,148.3377248521657,140.6431112017988,118.035430219811,46.763321090492994,0.7303360937526202,9.564640790617862,61.5224942,63.4865655,74.5147737,78.2056463,129.553871,133.641787,3.34,3.09,3.05,3.29,98.5629162518171
5,NEX_CAT_240_L_120_M,DD035,1,L_120_M_6,L,122.48,120.0,M,2.95,33.83,395.0,1.0,42.0,120.97258215350831,2.8802995750835314,35.39031908740397,1.719464,0.019968768,0.0208008,55.0,3.2948467200000002,741.6,728.62,0.01502,-0.00043,0.581,0.414,BCS7,C4,,3.32469752,3.24077034,3.09099444,2.97602127,2.83031618,2.480909,1.58049599,166.49487439585656,162.29195211241876,154.79144431944923,149.03379467376254,141.73714572676693,124.239462344397,79.1483976377511,0.7655306423225288,9.109957549723024,21.4776449,21.8680269,28.0166078,28.3721486,68.4432834,70.1820734,3.35,3.12,3.07,3.3,98.44510474986126
5,NEX_CAT_240_L_120_M,DD036,2,L_120_M_5,L,122.48,120.0,M,2.95,33.83,395.0,1.0,41.0,119.08536613735446,2.9045211253013274,34.84699135708104,1.719464,0.019657248000000002,0.020476300000000003,54.0,3.2434459200000005,741.6,728.62,0.01502,-0.00043,0.581,0.414,BCS7,C5,7.194,3.32874424,3.21780956,3.07106084,2.96223368,2.82749262,2.49905212,1.62048936,169.33928085966048,163.69583168508632,156.23045708127606,150.69422128672335,143.83969821207933,127.13133191380602,82.43724452171534,0.7766314548459481,26.174252853148015,27.835662,28.47431,35.8605534,36.6516257,69.6261285,72.6974275,3.29,3.07,2.96,3.19,96.48144993215139
5,NEX_CAT_240_L_120_M,DD037,3,L_120_M_7,L,122.48,120.0,M,2.95,33.83,395.0,1.0,41.0,119.13828960652856,2.905811941622647,34.818036302767005,1.719464,0.019665984,0.0204854,54.0,3.2448873600000003,741.6,728.62,0.01502,-0.00043,0.581,0.414,BCS7,C6,3.335,3.20865321,3.21381648,3.07144394,2.96414249,2.80985212,2.4456352,1.64675766,163.15752163736124,163.42006990344342,156.18053691084054,150.7243415839248,142.87879619956976,124.35864892394908,83.73634698370546,0.7609753746735407,9.081838934645647,26.7244642,27.2491711,36.6331007,37.7054724,85.8980347,84.6935624,3.32,3.09,3.03,3.26,98.03825315252173
6,NEX_CAT_240_L_120_D,DD038,1,L_120_D_4,L,122.48,120.0,D,3.2,28.22,390.0,2.0,39.0,120.5439602108564,3.0908707746373434,30.666873606160983,1.719464,0.019898015999999998,0.0207271,52.0,3.2831726399999996,758.56,728.62,0.02414,0.00847,0.626,0.383,BCS7,C7,5.097,3.17156718,3.2269803,3.0791107,2.96662573,2.83000554,2.53556005,1.55398167,159.3911262308765,162.1759827713477,154.74460870872758,149.09153405042997,142.22551333761118,127.42778224723511,78.0973173405831,0.7857376910543891,8.704483175555533,18.3753886,18.6777392,23.2313896,23.7277358,58.625497,61.6162359,3.33,3.1,3.04,3.27,98.20876754063333
6,NEX_CAT_240_L_120_D,DD039,2,L_120_D_2,L,122.48,120.0,D,3.2,28.22,390.0,2.0,37.0,117.33133115901232,3.171117058351684,28.86682237883167,1.719464,0.019367711999999995,0.020174699999999997,50.0,3.1956724799999994,758.56,728.62,0.02414,0.00847,0.626,0.383,BCS7,C8,6.77,3.26773701,3.15571323,3.01194395,2.90586334,2.77808717,2.50558008,1.77730089,168.72085923210759,162.93681101825558,155.5136688319199,150.03648030288764,143.43909956942775,129.36892494064352,91.76617713026714,0.7939821832289875,26.039133928859627,23.8096347,24.2994263,32.4548281,33.2531837,73.5865791,74.5429806,3.23,3.01,2.9,3.12,96.38867053567022
6,NEX_CAT_240_L_120_D,DD040,3,L_120_D_3,L,122.48,120.0,D,3.2,28.22,390.0,2.0,37.0,118.31535873970027,3.197712398370277,28.270246783977637,1.719464,0.019530144,0.020343899999999998,50.0,3.2224737599999997,758.56,728.62,0.02414,0.00847,0.626,0.383,BCS7,D5,3.321,3.26027648,3.17569755,3.03593118,2.92252136,2.7814389,2.49449873,1.65986847,166.93560887211072,162.60492242146296,155.44847902811162,149.64156741496635,142.41773639764253,127.72556771726825,84.99007841416838,0.7854963171791973,8.179005305223452,18.972644,19.2299507,27.0568647,27.6561214,81.9834116,78.593368,3.28,3.05,2.99,3.21,97.87735842422566
7,NEX_CAT_240_L_145_P,DD004,1,L_145_P_1,L,122.48,145.0,P,2.7,39.44,460.0,1.0,46.0,121.75189477651173,2.6467803212285155,40.62852576876368,1.719464,0.020097407999999994,0.020934799999999996,59.0,3.316072319999999,653.6,728.62,0.02707,0.00889,0.616,0.367,BCS3,E1,3.258,3.326112606081448,3.231541894271571,3.084570415168472,2.964289979698788,2.802138889225324,2.259019868681166,0.5924593852996828,165.49958114406837,160.79396379232446,153.48100686260003,147.4961338148078,139.42787493916254,112.40354321717341,29.479392830144214,0.6990532515408954,9.373913700357084,67.60294014181804,69.60920075518945,80.98085094293954,85.90538894162185,153.50343311417595,163.5678069534592,3.34377179042895,3.10090851295053,3.04053953069899,3.28260076616422,98.05315213921075
7,NEX_CAT_240_L_145_P,DD005,2,L_145_P_3,L,122.48,145.0,P,2.7,39.44,460.0,1.0,46.0,120.3712319653101,2.6167659122893503,41.30179649418236,1.719464,0.019869503999999996,0.020697399999999998,59.0,3.278468159999999,653.6,728.62,0.02707,0.00889,0.616,0.367,BCS3,C1,1.845,3.275887449014602,3.188766979869207,3.036869000696673,2.914737806958092,2.738415006052386,2.152367741152445,0.6336534287346731,164.87011699006692,160.48548468392605,152.84070506725652,146.69403961760156,137.8199982270512,108.3251872393214,31.890752216797825,0.6749843292847721,10.662093123809269,55.13551558700595,56.87052502735148,65.61061906865947,68.66950619325166,134.9007425094993,136.9848742648735,3.30064385741116,3.05692372406436,3.00697338517381,3.23829955320211,98.36600238148202
7,NEX_CAT_240_L_145_P,DD006,3,L_145_P_2,L,122.48,145.0,P,2.7,39.44,460.0,1.0,47.0,121.63034527038658,2.5878796866039697,41.94976028254891,1.719464,0.020077344,0.0209139,60.0,3.31276176,653.6,728.62,0.02707,0.00889,0.616,0.367,BCS3,C2,1.896,3.151534265902571,3.223025634456973,3.070192461616925,2.958124533121185,2.797552517366941,2.220115570907592,0.6189634005588955,156.96968014805995,160.53047825733188,152.91825759507458,147.33644714764986,139.3387749578301,110.5781507209117,30.82894831900552,0.6888296348538492,19.125237110845816,57.40842006134585,59.23910157219015,74.02851673784313,77.91380211360865,134.72139700173702,136.79304090762304,3.2518898662658,3.10040984695792,3.04955980657882,3.28064177680801,98.35989433655548
8,NEX_CAT_240_L_145_M,DD041,1,L_145_M_1,L,122.48,145.0,M,2.95,33.83,450.0,1.0,41.0,119.7314977225461,2.920280432257221,34.49348514452174,1.719464,0.019763904,0.0205874,54.0,3.26104416,780.96,728.62,0.01096,0.00191,0.565,0.4,BCS7,D6,3.293,3.26807645,3.19182854,3.04655986,2.93335262,2.78317735,2.43712538,1.59621219,165.35581482282043,161.49787714006303,154.1476754795004,148.41969582527824,140.8212340031605,123.3119418106868,80.76401251493633,0.7635514719722382,9.66395822808771,23.8813261,24.3083972,33.9178594,34.8619865,76.3506047,74.0177955,3.31,3.07,3.02,3.26,98.51299795370325
8,NEX_CAT_240_L_145_M,DD042,2,L_145_M_7,L,122.48,145.0,M,2.95,33.83,450.0,1.0,41.0,120.8766220170937,2.9482102930998457,33.866974134144336,1.719464,0.019952927999999998,0.0207843,54.0,3.2922331199999997,780.96,728.62,0.01096,0.00191,0.565,0.4,BCS7,D7,0.808,3.30485317,3.22005641,3.07641423,2.96033752,2.82214911,2.52846061,1.76175386,165.63249113112622,161.38265070670332,154.18359801629117,148.36607038325403,141.44034950659872,126.72128170862945,88.29550530127709,0.7852224582612204,9.304674485037056,17.2890009,17.5221118,21.8116067,22.1364052,51.5339909,53.9950734,3.34,3.1,3.06,3.29,98.56875407595719
8,NEX_CAT_240_L_145_M,DD043,3,L_145_M_9,L,122.48,145.0,M,2.95,33.83,450.0,1.0,41.0,121.32676229336582,2.959189324228434,33.62069707876999,1.719464,0.020027231999999996,0.020861699999999997,54.0,3.304493279999999,780.96,728.62,0.01096,0.00191,0.565,0.4,BCS7,D8,3.299,3.28627768,3.25017002,3.10818681,2.99303539,2.84889427,2.54887917,1.71789105,164.0904584317993,162.28753029874528,155.19802287205744,149.44828072097036,142.251024505034,127.27066676013943,85.77775750538069,0.7842294877853806,8.76982782429051,19.6497415,19.9444795,27.7778252,28.4437827,72.7731411,69.5151791,3.36,3.13,3.08,3.31,98.46446475513308
9,NEX_CAT_240_L_145_D,DD023,1,L_145_D_3,L,122.48,145.0,D,3.2,28.22,446.0,1.0,39.0,123.06393155076235,3.1554854243785218,29.217464684196457,1.719464,0.020313984000000004,0.021160400000000003,52.0,3.3518073600000005,745.65333,728.62,0.01132,0.00662,0.617,0.38,BCS3,F7,3.283,3.39640312,3.29701783,3.1500545,3.03360835,2.88825706,2.56813723,1.49395448,167.19532318229645,162.30286634074338,155.06827710408749,149.33596235972223,142.18072929465728,126.42213511638089,73.5431552963712,0.7789273101989866,8.523259125072592,18.0409822,18.3241229,27.2509533,28.0759196,69.4146639,70.5038093,3.41,3.17,3.11,3.34,98.19770853526649
9,NEX_CAT_240_L_145_D,DD024,2,L_145_D_8,L,122.48,145.0,D,3.2,28.22,446.0,1.0,39.0,124.13170615959393,3.1828642605024084,28.60331403090156,1.719464,0.020490240000000003,0.021344000000000002,52.0,3.3808896000000006,745.65333,728.62,0.01132,0.00662,0.617,0.38,BCS3,E7,3.176,3.42994392,3.33196515,3.18628335,3.0677129,2.92020483,2.56993928,1.28170316,167.39403345202396,162.61230468749997,155.50249045399173,149.71581103979258,142.5168680308283,125.42260510369812,62.551886166291844,0.7712983672713384,8.362368488063654,16.7870535,17.0189593,26.5610271,27.2046811,70.5667089,69.8488256,3.44,3.2,3.14,3.37,97.9011011432356
9,NEX_CAT_240_L_145_D,DD025,3,L_145_D_9,L,122.48,145.0,D,3.2,28.22,446.0,1.0,38.0,121.15461562440389,3.1882793585369438,28.48184480625967,1.719464,0.019998816,0.0208321,51.0,3.29980464,745.65333,728.62,0.01132,0.00662,0.617,0.38,BCS3,D5,3.301,3.31619676,3.23926297,3.09575323,2.97613761,2.82623157,2.49715235,1.44332719,165.8196545235478,161.97273728604733,154.79682547206795,148.81569038887102,141.31994464072272,124.8650095085629,72.17063200141449,0.7709013973632403,10.808179462208523,17.5588292,17.8460052,25.9564511,26.631536,75.7499846,71.3489968,3.35,3.11,3.05,3.28,97.84879780658531
10,NEX_CAT_240_H_85_P,DD059,1,H_85_P_2,H,182.73,85.0,P,2.7,39.44,495.0,1.0,67.0,179.30994775115968,2.67626787688298,39.96707319688245,1.719464,0.029598432000000004,0.030831700000000004,80.0,4.883741280000001,660.05333,683.25,0.0062,0.00384,0.613,0.413,BCS1,B3,3.234,4.86905814,4.7367726,4.50890676,4.26677897,3.57313471,0.85004588,2.6246e-05,164.50392169423026,160.03457885877197,152.33600077193276,144.15557452502887,120.72040539174506,28.719287562260053,0.0008867361622399455,0.17945676345113126,10.051214497775462,86.3973418,88.997088,114.104758,122.990299,168.197766,179.654775,,,,,94.0767146152794
10,NEX_CAT_240_H_85_P,DD027,2,H_85_P_7,H,182.73,85.0,P,2.7,39.44,495.0,1.0,67.0,181.55250706033976,2.7097389113483543,39.21626488675742,1.719464,0.029968608000000004,0.031217300000000003,80.0,4.944820320000001,660.05333,683.25,0.0062,0.00384,0.613,0.413,BCS3,D7,3.269,4.95592303,4.81584373,4.57663055,4.27408053,3.48203521,0.41853309,2.6734e-05,165.3704780015141,160.69627691749977,152.71415175506314,142.61858708953045,116.18942094340849,13.965716725982066,0.0008920667920245076,0.08690753136211087,9.142194598665599,97.2107986,102.856088,113.717044,127.371028,165.081189,184.644629,5.02,4.61,3.3,4.66,71.6049248616759
10,NEX_CAT_240_H_85_P,DD028,3,H_85_P_5,H,182.73,85.0,P,2.7,39.44,495.0,1.0,66.0,179.2389954078713,2.7157423546647164,39.0815981456995,1.719464,0.02958672,0.0308195,79.0,4.8818088,660.05333,683.25,0.0062,0.00384,0.613,0.413,BCS3,B2,3.226,4.88160552,4.7472128,4.52075065,4.21217229,3.18661699,0.14242144,2.6337e-05,164.99312934992454,160.45079684398945,152.7966144946111,142.3669906633787,107.70430078089089,4.813694792798931,0.0008901628838884471,0.030001065045999205,9.457667342470867,115.955444,120.995281,152.202832,170.891428,188.46647,217.431529,4.95,4.49,2.82,4.52,62.72746517380341
11,NEX_CAT_240_H_85_M,DD053,1,H_85_M_1,H,182.73,85.0,M,2.95,33.83,476.0,1.0,61.0,179.2087534254861,2.9378484168112475,34.09940742908822,1.719464,0.029581728,0.030814300000000003,74.0,4.88098512,592.64,683.25,0.00954,0.00585,0.598,0.413,BCS8,D7,3.286,4.93555324,4.79855657,4.58939407,4.39516561,4.05436885,2.20231007,0.55070401,166.84465626889678,162.21353160978288,155.1428662314791,148.57704086793038,137.05652523070998,74.44832397891021,18.616357029582584,0.45895261166005175,8.539089670276056,19.5738219,19.9183524,29.7796117,30.5661782,66.8972139,62.5594906,4.97,4.51,4.48,4.83,99.24741299637027
11,NEX_CAT_240_H_85_M,DD055,2,H_85_M_5,H,182.73,85.0,M,2.95,33.83,476.0,1.0,61.0,180.16137587062016,2.9534651782068875,33.74909873919051,1.719464,0.029738976,0.0309781,74.0,4.90693104,592.64,683.25,0.00954,0.00585,0.598,0.413,BCS8,C1,3.299,4.96703445,4.82857083,4.61467162,4.42948524,4.13676491,2.22795643,0.61746324,167.02103159167282,162.36506697473376,155.17251232860204,148.94545259392925,139.10246640637527,74.91705262481129,20.762760627669223,0.46141115216901557,8.643366099618,19.3225911,19.7670323,32.0757903,32.9064442,64.5937294,60.1517127,4.99,4.65,4.55,4.87,97.89150715337792
11,NEX_CAT_240_H_85_M,DD058,3,H_85_M_7,H,182.73,85.0,M,2.95,33.83,476.0,1.0,61.0,180.63477921026555,2.9612258886928777,33.575013712586866,1.719464,0.029817120000000003,0.031059500000000004,74.0,4.919824800000001,592.64,683.25,0.00954,0.00585,0.598,0.413,BCS2,B8,3.317,4.96829184,4.8345116,4.61885967,4.4321121,4.1435093,2.5998343,0.76122907,166.62547690722644,162.1387846981868,154.90629779133596,148.64319894074276,138.96410183143107,87.19266984873119,25.529932803704714,0.5377656555834927,9.081040750997428,20.3232254,20.765075,26.8155201,27.3987765,61.9133966,60.5187797,4.99,4.64,4.52,4.87,97.61176408530729
12,NEX_CAT_240_H_85_D,DD007,1,H_85_D_7,H,182.73,85.0,D,3.2,28.22,466.0,2.0,56.0,176.60619821060516,3.153682110903663,29.257915861290652,1.719464,0.029152128,0.0303668,69.0,4.81010112,609.17333,683.25,0.00848,0.00193,0.589,0.367,BCS3,C3,3.265,4.871634540068471,4.732183798221681,4.520502679964034,4.336641403039827,4.030147012200885,1.411783468752967,0.3174337410036724,167.1107694117037,162.3272166691118,155.06595882002281,148.75899979033525,138.24537996680328,48.42814455099013,10.888870308324401,0.2983365669954545,8.623324519161546,23.32962868149006,24.297922844467276,56.30923913354455,55.974061317848886,70.05784098377477,73.58267102162841,4.88833140635942,4.53824141328838,3.94879857523017,4.58237368064234,87.0117049781413
12,NEX_CAT_240_H_85_D,DD008,2,H_85_D_8,H,182.73,85.0,D,3.2,28.22,466.0,2.0,56.0,176.2741179809522,3.147752106802718,29.390935244443295,1.719464,0.029097312000000004,0.030309700000000002,69.0,4.801056480000001,609.17333,683.25,0.00848,0.00193,0.589,0.367,BCS3,C4,3.243,4.853309282997583,4.716964717886777,4.507775329086778,4.32596128992478,3.999738779904046,1.374247756200366,0.3037774948861863,166.79579484859573,162.10998177037027,154.92067889593298,148.67219659069468,137.46076544472717,47.229371434734794,10.440053530930493,0.2913415381270937,9.125975813724574,31.092493196394088,39.00018300376087,70.49592687265223,75.56450143879509,70.33830341128562,80.16704882461859,4.87398884334181,4.52861719151563,4.43754222910191,4.76324333807738,97.98879128741206
12,NEX_CAT_240_H_85_D,DD009,3,H_85_D_14,H,182.73,85.0,D,3.2,28.22,466.0,2.0,56.0,175.26275630080073,3.129692076800013,29.7960503185282,1.719464,0.028930368000000005,0.030135800000000004,69.0,4.773510720000001,609.17333,683.25,0.00848,0.00193,0.589,0.367,BCS1,C1,3.256,4.829909614807278,4.6886127538433,4.479046175777916,4.303174739211135,4.008427655748791,1.499252219163046,0.3898366634835138,166.94947035610735,162.06543773806467,154.82161083391387,148.7424819211126,138.55432657299036,51.822784250896696,13.474998433601458,0.3197645653149953,8.994380871942765,23.416671286608608,23.908776652309037,59.8793198418801,56.335929519154014,66.35569108904666,65.60692218430009,4.84352964370374,4.49351042638249,4.33715781779501,4.71148676748986,96.52053739726851
13,NEX_CAT_240_H_120_P,DD050,1,H_120_P_1,H,182.73,120.0,P,2.7,39.44,420.0,2.0,69.0,185.4077782378695,2.6870692498241957,39.72478129600279,1.719464,0.030604992000000008,0.031880200000000004,82.0,5.049823680000001,698.02667,683.25,0.00662,0.00434,0.608,0.376,BCS8,F8,3.304,5.05921794,4.94381926,4.70601798,4.42598965,3.88084509,1.58879468,0.09194889,165.3069518854963,161.53636831533882,153.76635223430213,144.6165922866439,126.80431643308383,51.91292583902651,3.0043755606928433,0.3213698957109528,9.508151502993234,59.5786822,62.0787202,75.5957684,80.6305902,116.72591,119.999804,5.13,4.75,4.28,4.96,90.11749099121653
13,NEX_CAT_240_H_120_P,DD051,2,H_120_P_11,H,182.73,120.0,P,2.7,39.44,420.0,2.0,69.0,185.45604909436895,2.6877688274546223,39.709088661852356,1.719464,0.03061296,0.0318885,82.0,5.0511384,698.02667,683.25,0.00662,0.00434,0.608,0.376,BCS8,D5,3.28,5.07197737,4.93412602,4.70625709,4.4486891,3.83341501,0.64077634,2.7389e-05,165.68072378495904,161.17768487594796,153.73414037714747,145.32044924763892,125.22196514156096,20.93153814593558,0.0008946864334582477,0.1298662290753571,9.211734780747216,85.6632858,86.7017061,128.895097,125.672596,144.831144,149.28097,5.13,4.72,4.45,4.97,94.36370748322389
13,NEX_CAT_240_H_120_P,DD052,3,H_120_P_5,H,182.73,120.0,P,2.7,39.44,420.0,2.0,69.0,185.66018247546913,2.6907272822531754,39.64272583550527,1.719464,0.030646656000000005,0.0319236,82.0,5.056698240000001,698.02667,683.25,0.00662,0.00434,0.608,0.376,BCS8,D6,3.31,5.0617928,4.97345152,4.75463132,4.52331353,4.10132108,1.9608722,0.22937672,165.1662354287528,162.28366057295125,155.1435601978891,147.5956636182427,133.8260552798974,63.98323523453912,7.484559489948919,0.39426788259916523,8.638992587967198,51.0265583,52.8645454,64.8475674,68.2979959,106.705668,108.606646,5.15,4.79,4.56,4.0,95.20899147935744
14,NEX_CAT_240_H_120_M,DD047,1,H_120_M_5,H,182.73,120.0,M,2.95,33.83,410.0,2.0,61.0,182.92793568228242,2.998818617742334,32.73174926553759,1.719464,0.030195648000000005,0.031453800000000004,74.0,4.982281920000001,632.69333,683.25,0.01413,0.01001,0.638,0.409,BCS8,F5,3.305,5.02532843,4.89117579,4.67055199,4.48309053,4.15851248,1.92244223,0.48948682,166.42558656134815,161.98280593282843,154.67632918492092,148.46810142971594,137.71893486107663,63.66620216264276,16.210508878630453,0.3930429640109091,9.069667524971791,19.5445674,19.8941582,33.4264535,34.1471434,64.1904826,61.4013878,5.06,4.71,4.48,4.92,95.03046914895226
14,NEX_CAT_240_H_120_M,DD048,2,H_120_M_2,H,182.73,120.0,M,2.95,33.83,410.0,2.0,61.0,182.75462586015178,2.9959774731172417,32.795480638913375,1.719464,0.03016704,0.031424,74.0,4.9775616,632.69333,683.25,0.01413,0.01001,0.638,0.409,BCS8,F6,3.316,5.00880665,4.88443043,4.66659507,4.47593566,4.15358241,1.93040781,0.47984282,166.03573469588002,161.91281710104803,154.69184480810844,148.37172158753395,137.68611073542516,63.99062718781823,15.906194973056687,0.39521656366390295,8.780049701767167,19.2324747,19.7186513,35.7098884,36.693372,66.2572249,61.1006175,5.055,4.7,4.14,4.83,88.01101731718666
14,NEX_CAT_240_H_120_M,DD049,3,H_120_M_3,H,182.73,120.0,M,2.95,33.83,410.0,2.0,62.0,182.1666519333932,2.93817180537731,34.09215331141073,1.719464,0.030069984,0.0313229,75.0,4.96154736,632.69333,683.25,0.01413,0.01001,0.638,0.409,BCS8,F7,3.314,4.99514363,4.86918996,4.6514969,4.45256289,4.12412728,2.31789432,0.58574652,166.11726930084166,161.92858499691917,154.6890380786368,148.07333751823745,137.15096356552766,77.08332402172213,19.479442356869896,0.4760328389406274,8.882384467941362,19.3478913,19.7657221,27.5534981,28.1290249,63.6733929,59.4723174,5.04,4.68,4.4,4.9,93.97630541830596
15,NEX_CAT_240_H_120_D,DD016,1,H_120_D_7,H,182.73,120.0,D,3.2,28.22,400.0,2.0,57.0,178.87841792558612,3.1382178583436158,29.604803536482372,1.719464,0.029527200000000003,0.0307575,70.0,4.871988000000001,634.34667,683.25,0.00615,0.01656,0.51,0.341,BCS1,B5,3.332,4.67085801,4.81701054,4.6038701,4.4276085,4.13880267,1.77681466,0.39692559,158.18831484190846,163.1380740469804,155.91963003603456,149.95016459400145,140.16915488092332,60.17552155300875,13.442710111354952,0.368862522771229,15.325801974686982,19.2398721,19.7652976,34.5439727,35.9966515,69.5819866,66.6470814,4.97,4.62,4.11,4.64,88.84972302337039
15,NEX_CAT_240_H_120_D,DD017,2,H_120_D_6,H,182.73,120.0,D,3.2,28.22,400.0,2.0,57.0,179.46755500551333,3.1485535965879525,29.372956559265305,1.719464,0.029624448,0.0308588,70.0,4.88803392,634.34667,683.25,0.00615,0.01656,0.51,0.341,BCS3,G1,3.344,4.90856361,4.81778934,4.60352796,4.41971075,4.13022084,1.97683727,0.51049168,165.69299822903028,162.6288307549224,155.39624434521107,149.19132839200918,139.41933500330538,66.72992759223733,17.232107751003493,0.4103204043371477,8.498942431302382,17.9831162,18.4111848,30.5959479,31.7436489,58.9203603,60.0671849,4.97,4.63,4.09,4.75,88.30007692447032
15,NEX_CAT_240_H_120_D,DD018,3,H_120_D_1,H,182.73,120.0,D,3.2,28.22,400.0,2.0,57.0,180.8261179065104,3.1723880334475507,28.8383123946265,1.719464,0.029848704,0.0310924,70.0,4.92503616,634.34667,683.25,0.00615,0.01656,0.51,0.341,BCS3,G6,3.354,5.00301085,4.85448773,4.63800236,4.45896744,4.15547189,1.58031573,0.41796466,167.61233084022675,162.63646589145043,155.38370979188912,149.38562960723522,139.21783304226543,52.94419918533146,14.002774123794453,0.325537073713028,8.40633904091016,18.8377065,19.2989809,41.9254427,41.7345592,62.2987747,59.3242551,5.0,4.65,4.45,4.84,95.75759766993401
16,NEX_CAT_240_H_145_P,DD029,1,H_145_P_2,H,182.73,145.0,P,2.7,39.44,480.0,1.0,66.0,181.53971237548447,2.750601702658855,38.29964776449405,1.719464,0.029966496000000006,0.031215100000000003,79.0,4.944471840000001,652.16,683.25,0.00207,0.00214,0.59,0.394,BCS3,A3,3.231,4.95249722,4.82158723,4.57504475,4.2609107,3.57284115,1.01137915,2.6763e-05,165.2678117588389,160.8992666343105,152.67199575152193,142.18915351331032,119.22785867256549,33.75033070266206,0.0008930974111888156,0.20976062482229532,9.525585903728729,78.5601535,81.1653446,104.276354,112.786352,149.056621,160.286361,5.02,4.62,3.47,4.69,75.14386381804528
16,NEX_CAT_240_H_145_P,DD030,2,H_145_P_1,H,182.73,145.0,P,2.7,39.44,480.0,1.0,66.0,182.31030134972295,2.7622772931776205,38.03774577887796,1.719464,0.030093696000000003,0.0313476,79.0,4.96545984,652.16,683.25,0.00207,0.00214,0.59,0.394,BCS3,A6,3.239,4.95738464,4.82869989,4.58239784,4.21173031,3.26492034,0.61274743,2.6816e-05,164.7316647313776,160.45552829403206,152.27102181134543,139.9539062931984,108.4918362968776,20.361321852922284,0.0008910836342601453,0.12689697930264204,9.32473203179467,90.3706624,93.5428354,105.181815,117.516573,159.277893,180.024202,5.02,4.62,3.3,4.68,71.5028450580005
16,NEX_CAT_240_H_145_P,DD031,3,H_145_P_8,H,182.73,145.0,P,2.7,39.44,480.0,1.0,65.0,180.8650835376606,2.78253974673324,37.583226856589505,1.719464,0.029855136000000004,0.031099100000000005,78.0,4.92609744,652.16,683.25,0.00207,0.00214,0.59,0.394,BCS4,H6,3.241,4.94042904,4.80391362,4.54466256,4.32789465,3.59585982,0.88725327,2.6638e-05,165.48003800753074,160.90744386493498,152.2238103353473,144.96315307356159,120.4435920171323,29.718614244463662,0.0008922417904912574,0.18469384343342957,9.317983172729495,83.5543905,86.5004841,107.21327,115.843013,152.061838,163.636411,5.0,4.62,3.99,4.8,86.45775072338135
17,NEX_CAT_240_H_145_M,DD044,1,H_145_M_7,H,182.73,145.0,M,2.95,33.83,473.0,3.0,62.0,182.8168545546752,2.9486589444302447,33.856910174287925,1.719464,0.030177312,0.0314347,75.0,4.97925648,687.36,683.25,-0.00291,0.00075,0.573,0.375,BCS8,E1,3.307,4.96289732,4.88319035,4.66495554,4.4691268,4.14199045,2.26483581,0.50312354,164.4578987021773,161.81661077036946,154.58485964555095,148.09558916314347,137.25511569751473,75.0509458894152,16.672245029643463,0.4638024831450612,8.781435743003453,21.6096001,22.0593936,27.9972574,28.7362005,69.9018321,67.0692867,5.05,4.7,4.52,4.93,96.35116264771213
17,NEX_CAT_240_H_145_M,DD045,2,H_145_M_1,H,182.73,145.0,M,2.95,33.83,473.0,3.0,62.0,183.02622212503434,2.95203584072636,33.78116104247735,1.719464,0.030211872000000004,0.031470700000000004,75.0,4.984958880000001,687.36,683.25,-0.00291,0.00075,0.573,0.375,BCS8,E2,3.304,4.74242064,4.8879392,4.67081524,4.4756268,4.13462254,1.91851718,0.44010423,156.97208832342463,161.7886902208509,154.60198030760884,148.14132669435375,136.85423200521964,63.502095467636025,14.567261174679938,0.3925002135869448,17.074248267404634,23.6697412,24.2056228,39.19672,40.3999306,72.4414059,68.1808111,5.06,4.7,4.23,4.9,90.00713997829264
17,NEX_CAT_240_H_145_M,DD046,3,H_145_M_8,H,182.73,145.0,M,2.95,33.83,473.0,3.0,62.0,183.37633122880155,2.9576827617548633,33.65449166094968,1.719464,0.030269664,0.0315309,75.0,4.994494560000001,687.36,683.25,-0.00291,0.00075,0.573,0.375,BCS8,E3,,5.01994187,4.89181382,4.6716644,4.47797829,4.1608978,1.97680189,0.49486919,165.84068690025762,161.6078004698037,154.3348614639396,147.9361743163056,137.46098403999463,65.3063704308049,16.34868461044034,0.40410407320039826,8.828038939857452,19.4848572,19.9375789,28.5669484,29.4947019,66.322742,61.9701103,5.06,4.71,4.33,4.89,91.96937643621605
18,NEX_CAT_240_H_145_D,DD010,1,H_145_D_7,H,182.73,145.0,D,3.2,28.22,460.0,2.0,57.0,179.9083900564362,3.1562875448497576,29.19947185173267,1.719464,0.029697216,0.0309346,70.0,4.900040639999999,705.6,683.25,0.00082,0.0029,0.592,0.359,BCS1,A2,3.213,4.955470702814473,4.810142996955577,4.598003934191474,4.412555628952711,4.088522752356528,1.352054389984343,0.353432843829261,166.86650704276366,161.9728595756443,154.82946058618674,148.58482454896483,137.6736038946051,45.527984508189014,11.901211340122286,0.2810840323957275,8.783032245486522,21.794668640309567,22.181913231566117,51.779473976498856,49.72876671592534,67.82033845170284,64.80183534310332,4.96958363834205,4.61815395516488,4.17002402049925,4.7963288219132,90.29633078180656
18,NEX_CAT_240_H_145_D,DD011,2,H_145_D_8,H,182.73,145.0,D,3.2,28.22,460.0,2.0,57.0,180.25384654752878,3.162348185044364,29.06352209411476,1.719464,0.02975424,0.030994,70.0,4.9094496,705.6,683.25,0.00082,0.0029,0.592,0.359,BCS1,A3,3.239,4.981607836737845,4.831642288712394,4.61997219578478,4.437017993023397,4.099681360553636,1.314026395863427,0.3380256482378642,167.42514131558542,162.38500088432417,155.27105366444513,149.1222089027781,137.7847782552549,44.16266037591372,11.360587541065211,0.2719626821160239,8.579048458392702,19.611360796171525,20.164081205323114,43.18102908726106,43.94041548318006,63.40871993131666,62.05418514015938,4.98847266763314,4.63713222673231,3.98032293955206,4.77407812914437,85.83585105442376
18,NEX_CAT_240_H_145_D,DD012,3,H_145_D_9,H,182.73,145.0,D,3.2,28.22,460.0,2.0,57.0,180.3689987112263,3.164368398442566,29.018205508242122,1.719464,0.029773248,0.0310138,70.0,4.91258592,705.6,683.25,0.00082,0.0029,0.592,0.359,BCS1,A4,3.164,4.971572725587116,4.818482113903265,4.609718075429997,4.423148816242485,4.075403131391738,1.405966207407845,0.3456297816318935,166.98120156682657,161.83931675520472,154.8275174891902,148.56117868774294,136.88137523295202,47.22246653800905,11.608736192702036,0.2917861214740354,8.884272690539873,22.844563227414316,23.231424491644372,60.39274225898585,54.34956705914801,62.289139798980486,60.832350498368854,4.97742272505316,4.62205843230406,4.38868123954679,4.84240207311493,94.95073625180113
