group,electrode_id,cell_id,replicate,step,discharge_c_rate,charge_c_rate,cap_dis_mah,cap_chg_mah,grav_dis_mahg,grav_chg_mahg,vol_dis_mahcm3,vol_chg_mahcm3
1,NEX_CAT_240_L_85_P,DD001,1,1,C/20,C/20,3.266396978859555,,165.48948225108234,,422.14666622978046,
1,NEX_CAT_240_L_85_P,DD001,1,2,C/5,C/5,2.726907044086125,3.592067100307363,138.15664103087747,181.98930763417525,352.423396552792,464.23602552983726
1,NEX_CAT_240_L_85_P,DD001,1,3,C/5,C/5,3.138967521479061,3.13644260510508,159.03336713037916,158.9054441907727,405.6777798816712,405.3514616060043
1,NEX_CAT_240_L_85_P,DD001,1,4,C/5,C/5,3.148455923522245,3.148305617678658,159.51408969768477,159.50647456811066,406.9040537596787,406.8846283465413
1,NEX_CAT_240_L_85_P,DD001,1,5,C/5,C/5,3.15226375309719,3.157336588458204,159.70701044459227,159.96402173344433,407.39617476365885,408.05178415524364
1,NEX_CAT_240_L_85_P,DD001,1,6,C/5,C/5,3.163218629756769,3.160715958135355,160.26203081665716,160.13523489027318,408.81197470797986,408.48853132725014
1,NEX_CAT_240_L_85_P,DD001,1,7,C/5,C/5,3.18304404822035,3.18663601025512,161.26647034381304,161.4484543283828,411.37419674197565,411.8384191889151
1,NEX_CAT_240_L_85_P,DD001,1,8,C/2,C/5,3.039472908324068,3.178455361617543,153.99254933500504,161.0339880781773,392.81917159766937,410.78115836841437
1,NEX_CAT_240_L_85_P,DD001,1,9,1C,C/5,2.924030189028716,3.048449712696717,148.1437330492041,154.44735220113358,377.8994421812993,393.97932698105876
1,NEX_CAT_240_L_85_P,DD001,1,10,2C,C/5,2.781690111094582,2.930876899887009,140.9321828446962,148.49061637122372,359.5035185505589,378.78430589571434
1,NEX_CAT_240_L_85_P,DD001,1,11,5C,C/5,2.459053203375075,2.599768782973582,124.58603289441265,131.71527914437348,317.8061694904245,335.9921441893238
1,NEX_CAT_240_L_85_P,DD001,1,12,10C,C/5,1.421935982783636,2.464740491612765,72.04128925786816,124.87417496408742,183.76992711212276,318.5411903053981
1,NEX_CAT_240_L_85_P,DD002,2,1,C/20,C/20,3.28477083799643,3.613070229872335,166.29097158754357,182.91107312252416,424.5212898381808,466.95045405264983
1,NEX_CAT_240_L_85_P,DD002,2,2,C/5,C/5,3.136527779065999,3.306049441555559,158.78619164505992,167.36819731633506,405.36246942406325,427.27132041090306
1,NEX_CAT_240_L_85_P,DD002,2,3,C/5,C/5,3.150261627965438,3.145339445558904,159.481465437285,159.2322807802473,407.1374216313194,406.50128251322036
1,NEX_CAT_240_L_85_P,DD002,2,4,C/5,C/5,3.162560143272448,3.158960520929075,160.10407570763633,159.92184543150756,408.72687241456225,408.2616599551533
1,NEX_CAT_240_L_85_P,DD002,2,5,C/5,C/5,3.172215826541153,3.170857175187801,160.59289305024092,160.52411155383203,409.97476559118326,409.7991745215435
1,NEX_CAT_240_L_85_P,DD002,2,6,C/5,C/5,3.180663554376629,3.180261760803462,161.02055785206474,161.00021711995439,411.0665435244974,411.0146160280777
1,NEX_CAT_240_L_85_P,DD002,2,7,C/5,C/5,3.201591652635137,3.203109131862774,162.0800393089233,162.15686143977294,413.7712750582141,413.96739292177017
1,NEX_CAT_240_L_85_P,DD002,2,8,C/2,C/5,3.057627080951865,3.196773313404815,154.79185706422268,161.8361116952279,395.16540308838677,413.1485565533878
1,NEX_CAT_240_L_85_P,DD002,2,9,1C,C/5,2.941363635990088,3.065722180951524,148.90603970394636,155.20167014112602,380.1396037098496,396.21160766785766
1,NEX_CAT_240_L_85_P,DD002,2,10,2C,C/5,2.789131668473614,2.947689301081235,141.19932193472786,149.22627543600305,360.46525977780334,380.957127864812
1,NEX_CAT_240_L_85_P,DD002,2,11,5C,C/5,2.454930500787631,2.615104812937686,124.28044399129975,132.38924162268816,317.2733545373094,337.9741610612617
1,NEX_CAT_240_L_85_P,DD002,2,12,10C,C/5,1.478548444837994,2.459858592099109,74.85126651371861,124.52992778565712,191.0864787370423,317.91025731779837
1,NEX_CAT_240_L_85_P,DD056,3,1,C/20,C/20,3.34553437,3.69835787,165.62103810625933,183.08760334686207,422.9748807970289,467.5822473191342
1,NEX_CAT_240_L_85_P,DD056,3,2,C/5,C/5,3.20636334,3.36257056,158.73136132708538,166.4644165209236,405.3795303045903,425.1287610557708
1,NEX_CAT_240_L_85_P,DD056,3,3,C/5,C/5,3.22113045,3.21383674,159.46240869278,159.10133279630193,407.246531477251,406.3243899666205
1,NEX_CAT_240_L_85_P,DD056,3,4,C/5,C/5,3.2305858,3.22895063,159.93049680949483,159.8495475431209,408.44196846782785,408.2352344279582
1,NEX_CAT_240_L_85_P,DD056,3,5,C/5,C/5,3.23830363,3.23785547,160.3125688120992,160.2903826031924,409.41773133953365,409.36107060865675
1,NEX_CAT_240_L_85_P,DD056,3,6,C/5,C/5,3.24448159,3.24526588,160.6184093850594,160.6572357456974,410.19880892104084,410.29796646437234
1,NEX_CAT_240_L_85_P,DD056,3,7,C/5,C/5,3.26435759,3.26706756,161.6023728986072,161.73653025435328,412.7117254841194,413.054346157215
1,NEX_CAT_240_L_85_P,DD056,3,8,C/2,C/5,3.12027563,3.25742669,154.4695800026297,161.25925795012418,394.4954876231399,411.83545393013264
1,NEX_CAT_240_L_85_P,DD056,3,9,1C,C/5,3.00447728,3.12541319,148.73697025574734,154.72391546191037,379.8551378700622,395.14502775283455
1,NEX_CAT_240_L_85_P,DD056,3,10,2C,C/5,2.85581271,3.00884442,141.37731475980914,148.95316599022885,361.0595220370999,380.40727403625675
1,NEX_CAT_240_L_85_P,DD056,3,11,5C,C/5,2.4772193,2.6646565,122.63500735843914,131.91410606449446,313.1940737244912,336.89170123591595
1,NEX_CAT_240_L_85_P,DD056,3,12,10C,C/5,1.46460422,2.47988876,72.50538912598535,122.76715926228677,185.16946079657987,313.5315727307539
2,NEX_CAT_240_L_85_M,DD032,1,1,C/20,C/20,3.19835457,3.49741833,165.3228602212165,180.78145779368998,453.680030804835,496.1016113018997
2,NEX_CAT_240_L_85_M,DD032,1,2,C/5,C/5,3.08940216,3.2501066,159.69111312908763,167.99792123606022,438.2253550822928,461.0209500340038
2,NEX_CAT_240_L_85_M,DD032,1,3,C/5,C/5,3.10613832,3.10276558,160.5562047816119,160.3818679432849,440.59934502561373,440.1209287795073
2,NEX_CAT_240_L_85_M,DD032,1,4,C/5,C/5,3.1193875,3.11671821,161.24105453333465,161.10307900626233,442.47871401331764,442.1000807058082
2,NEX_CAT_240_L_85_M,DD032,1,5,C/5,C/5,3.12735206,3.12854176,161.65274242183648,161.7142379822881,443.60847050124414,443.7772270042633
2,NEX_CAT_240_L_85_M,DD032,1,6,C/5,C/5,3.1381447,3.13610062,162.21061368816635,162.10495524888927,445.13938433224735,444.8494357799305
2,NEX_CAT_240_L_85_M,DD032,1,7,C/5,C/5,3.15818145,3.16124758,163.24631274749157,163.40480092330694,447.98155619227,448.41648043922476
2,NEX_CAT_240_L_85_M,DD032,1,8,C/2,C/5,3.01815589,3.1545262,156.00839538197647,163.0573729749936,428.1192179230442,447.4630664825442
2,NEX_CAT_240_L_85_M,DD032,1,9,1C,C/5,2.90726537,3.02723883,150.2764674369713,156.47789230208113,412.38962527517083,429.40761431838143
2,NEX_CAT_240_L_85_M,DD032,1,10,2C,C/5,2.76172541,2.91435372,142.75351088632175,150.6428640545449,391.74508068481464,413.3950931731079
2,NEX_CAT_240_L_85_M,DD032,1,11,5C,C/5,2.45485768,2.57846425,126.89152631805294,133.28074653966647,348.216523061696,365.74986130107703
2,NEX_CAT_240_L_85_M,DD032,1,12,10C,C/5,1.64803113,2.46104316,85.18668402209187,127.21125361002768,233.7698330381572,349.0939207033661
2,NEX_CAT_240_L_85_M,DD033,2,1,C/20,C/20,3.23963065,3.56269238,166.44546676218852,183.04370472578174,459.5349580294619,505.36060131274036
2,NEX_CAT_240_L_85_M,DD033,2,2,C/5,C/5,3.10058057,3.27115408,159.30136363150612,168.06507485556645,439.8109895959637,464.0064918698998
2,NEX_CAT_240_L_85_M,DD033,2,3,C/5,C/5,3.11744225,3.11319961,160.16768158599103,159.94970359053534,442.202784293642,441.6009745180943
2,NEX_CAT_240_L_85_M,DD033,2,4,C/5,C/5,3.12852532,3.13036964,160.73710660958378,160.83186392497677,443.77489502400806,444.03650803035276
2,NEX_CAT_240_L_85_M,DD033,2,5,C/5,C/5,3.13170891,3.14040681,160.90067282461803,161.34755278772457,444.2264807308642,445.4602599925354
2,NEX_CAT_240_L_85_M,DD033,2,6,C/5,C/5,3.14528273,3.14357455,161.59806738891686,161.51030466281293,446.1518992362112,445.90959740942526
2,NEX_CAT_240_L_85_M,DD033,2,7,C/5,C/5,3.16380443,3.17078851,162.5496737091402,162.90850117470467,448.7791643635288,449.76984177599076
2,NEX_CAT_240_L_85_M,DD033,2,8,C/2,C/5,3.01981786,3.16440543,155.15194401698022,162.58055183579458,428.3549649561809,448.8644149799149
2,NEX_CAT_240_L_85_M,DD033,2,9,1C,C/5,2.91337991,3.03651368,149.68338411526412,156.00974043055518,413.25696022345255,430.7232327533038
2,NEX_CAT_240_L_85_M,DD033,2,10,2C,C/5,2.77594444,2.92459764,142.62223627921966,150.25972768883236,393.76202090430223,414.8481721984151
2,NEX_CAT_240_L_85_M,DD033,2,11,5C,C/5,2.47116328,2.5854276,126.96321587931043,132.83387835025107,350.52943895278537,366.73759820558945
2,NEX_CAT_240_L_85_M,DD033,2,12,10C,C/5,1.7345165,2.48392268,89.11584055090279,127.61876724242816,246.03760525259545,352.33933365281274
2,NEX_CAT_240_L_85_M,DD034,3,1,C/20,C/20,2.99373077,3.34130122,153.295984431019,171.0935615631411,424.6545647860995,473.95671969472505
2,NEX_CAT_240_L_85_M,DD034,3,2,C/5,C/5,3.0019749,3.16642343,153.7181306162377,162.13882747622418,425.82397770468003,449.1506641377636
2,NEX_CAT_240_L_85_M,DD034,3,3,C/5,C/5,3.08212767,3.07684325,157.82240676062293,157.55181450357537,437.1934836074271,436.44389947723926
2,NEX_CAT_240_L_85_M,DD034,3,4,C/5,C/5,3.11962968,3.11696457,159.7427222407928,159.6062535024677,442.5130667492184,442.13502636612907
2,NEX_CAT_240_L_85_M,DD034,3,5,C/5,C/5,3.13785608,3.13730261,160.67601723132182,160.64767643015384,445.0984441776694,445.01993559422317
2,NEX_CAT_240_L_85_M,DD034,3,6,C/5,C/5,3.14991622,3.15086719,161.2935647583748,161.3422598126446,446.8091502819994,446.9440434245363
2,NEX_CAT_240_L_85_M,DD034,3,7,C/5,C/5,3.17306169,3.17743137,162.4787440150815,162.7024963992174,450.09228769305645,450.7121178318416
2,NEX_CAT_240_L_85_M,DD034,3,8,C/2,C/5,3.02900158,3.17125927,155.10204982434408,162.3864498946392,429.6576567876569,449.8366181157078
2,NEX_CAT_240_L_85_M,DD034,3,9,1C,C/5,2.92061322,3.04263098,149.5519514275321,155.79995235824634,414.2829903998444,431.5909592019203
2,NEX_CAT_240_L_85_M,DD034,3,10,2C,C/5,2.77644157,2.9302675,142.16954575656578,150.0463052857358,393.83253777439205,415.6524302014479
2,NEX_CAT_240_L_85_M,DD034,3,11,5C,C/5,2.45645871,2.59175509,125.78460960388935,132.71255114422138,348.4436258809183,367.63513967426945
2,NEX_CAT_240_L_85_M,DD034,3,12,10C,C/5,1.6657254,2.46682504,85.2945821125902,126.31542445812113,236.27972891835947,349.91406851346636
3,NEX_CAT_240_L_85_D,DD020,1,1,C/20,C/20,4.34,4.88,226.80486503751794,255.02482520347638,664.2216778937474,746.8667714565639
3,NEX_CAT_240_L_85_D,DD020,1,2,C/5,C/5,3.17,3.32,165.6616180112746,173.50049583515198,485.157308507645,508.1142789417607
3,NEX_CAT_240_L_85_D,DD020,1,3,C/5,C/5,3.17,3.18,165.6616180112746,166.18420986619978,485.157308507645,486.68777320325273
3,NEX_CAT_240_L_85_D,DD020,1,4,C/5,C/5,0.213,3.17,11.131206509905834,165.6616180112746,32.59889801644429,485.157308507645
3,NEX_CAT_240_L_85_D,DD020,1,5,C/5,C/5,2.95,3.17,154.1645972029212,165.6616180112746,451.48708520427533,485.157308507645
3,NEX_CAT_240_L_85_D,DD020,1,6,C/5,C/5,3.16,3.17,165.13902615634947,165.6616180112746,483.6268438120373,485.157308507645
3,NEX_CAT_240_L_85_D,DD020,1,7,C/5,C/5,3.17,3.17,165.6616180112746,165.6616180112746,485.157308507645,485.157308507645
3,NEX_CAT_240_L_85_D,DD020,1,8,C/2,C/5,3.03,3.16,158.3453320423224,165.13902615634947,463.730802769137,483.6268438120373
3,NEX_CAT_240_L_85_D,DD020,1,9,1C,C/5,2.93,3.04,153.11941349307088,158.8679238972476,448.42615581305995,465.2612674647447
3,NEX_CAT_240_L_85_D,DD020,1,10,2C,C/5,2.82,2.94,147.37090308889415,153.64200534799602,431.591044161375,449.9566205086676
3,NEX_CAT_240_L_85_D,DD020,1,11,5C,C/5,2.59,2.59,135.35129042561553,135.35129042561553,396.3903561623976,396.3903561623976
3,NEX_CAT_240_L_85_D,DD020,1,12,10C,C/5,1.88,2.6,98.24726872592943,135.8738822805407,287.72736277425,397.92082085800536
3,NEX_CAT_240_L_85_D,DD021,2,1,C/20,C/20,3.19316038,3.52269488,166.39113615937063,183.56271958566572,488.70192290033094,539.1360147238049
3,NEX_CAT_240_L_85_D,DD021,2,2,C/5,C/5,3.04509903,3.20633559,158.67586560731954,167.07767798632335,466.04165600442917,490.7183422765527
3,NEX_CAT_240_L_85_D,DD021,2,3,C/5,C/5,3.06243443,3.05352519,159.57918913589756,159.11494105891356,468.694777772853,467.33125004438335
3,NEX_CAT_240_L_85_D,DD021,2,4,C/5,C/5,3.07372124,3.07176865,160.1673290712662,160.06558232826254,470.42218419595616,470.1233471899566
3,NEX_CAT_240_L_85_D,DD021,2,5,C/5,C/5,3.08318414,3.08207063,160.6604275990522,160.60240414517708,471.8704476327629,471.70002885844224
3,NEX_CAT_240_L_85_D,DD021,2,6,C/5,C/5,3.09147638,3.09191097,161.09252466612972,161.11517054521443,473.13954568951345,473.2060581547198
3,NEX_CAT_240_L_85_D,DD021,2,7,C/5,C/5,3.10991814,3.11223112,162.05349907204993,162.17402523557257,475.9619919500005,476.3159853731652
3,NEX_CAT_240_L_85_D,DD021,2,8,C/2,C/5,2.97044671,3.19651004,154.78583727691264,166.56568227256886,454.61638198390824,489.2145765375599
3,NEX_CAT_240_L_85_D,DD021,2,9,1C,C/5,2.85332151,3.71800537,148.68260637659262,193.74007695815803,436.690783627309,569.0275956864892
3,NEX_CAT_240_L_85_D,DD021,2,10,2C,C/5,2.73332706,3.19925732,142.42986285848636,166.70883920368044,418.3260566879225,489.63503804245477
3,NEX_CAT_240_L_85_D,DD021,2,11,5C,C/5,2.44159419,2.62554419,127.22806967629299,136.81344775132604,373.677370879591,401.8302689552949
3,NEX_CAT_240_L_85_D,DD021,2,12,10C,C/5,1.65416878,2.82345932,86.19642922650819,147.12652928336908,253.1646918366482,432.120480874456
3,NEX_CAT_240_L_85_D,DD022,3,1,C/20,C/20,3.23486954,3.53944808,167.51039072351668,183.28230041277055,495.08536258667624,541.7000328376504
3,NEX_CAT_240_L_85_D,DD022,3,2,C/5,C/5,3.09059176,3.24827185,160.03929273898356,168.20439898472702,473.0041577216106,497.13653881613527
3,NEX_CAT_240_L_85_D,DD022,3,3,C/5,C/5,3.10400813,3.09934333,160.7340290654418,160.49247296526997,475.0574857844316,474.3435546132245
3,NEX_CAT_240_L_85_D,DD022,3,4,C/5,C/5,3.11462727,3.11265175,161.28391717330896,161.18161934553254,476.6827076712032,476.3803613096565
3,NEX_CAT_240_L_85_D,DD022,3,5,C/5,C/5,3.12403789,3.122827,161.77122481080661,161.7085216153562,478.1229698385812,477.93764739905475
3,NEX_CAT_240_L_85_D,DD022,3,6,C/5,C/5,3.13180207,3.13174149,162.1732752828166,162.170138284757,479.31125017661554,479.3019786214895
3,NEX_CAT_240_L_85_D,DD022,3,7,C/5,C/5,3.15005918,3.1524136,163.11867836376504,163.24059666966593,482.1054364064982,482.4657720753615
3,NEX_CAT_240_L_85_D,DD022,3,8,C/2,C/5,3.01280106,3.14631913,156.01107756970788,162.92500834737683,461.0985657219495,481.5330349580175
3,NEX_CAT_240_L_85_D,DD022,3,9,1C,C/5,2.90355135,3.01907125,150.3538288361064,156.33576515411372,444.3782833059114,462.05819616492477
3,NEX_CAT_240_L_85_D,DD022,3,10,2C,C/5,2.7645222,2.90881278,143.15451926566286,150.62628006919832,423.1003627323765,445.1835265922525
3,NEX_CAT_240_L_85_D,DD022,3,11,5C,C/5,2.46361747,2.78907531,127.57284950445995,144.4259464433961,377.0479561317394,426.85812953461374
3,NEX_CAT_240_L_85_D,DD022,3,12,10C,C/5,1.64230161,2.46992792,85.04286833680486,127.89962186175917,251.34846336447072,378.01374822557915
4,NEX_CAT_240_L_120_P,DD013,1,1,C/20,C/20,3.32352513,3.6563615,162.84969324612283,179.1583711214284,411.2519985198752,452.437070691302
4,NEX_CAT_240_L_120_P,DD013,1,2,C/5,C/5,3.25809192,3.43413303,159.64352577038326,168.269379236461,403.15531282336275,424.9385867500916
4,NEX_CAT_240_L_120_P,DD013,1,3,C/5,C/5,3.2748722,3.27286194,160.46574415107713,160.36724324870997,405.2316996162386,404.9829506493414
4,NEX_CAT_240_L_120_P,DD013,1,4,C/5,C/5,3.28602725,3.28761034,161.01233140394535,161.08990136680012,406.6120221432686,406.8079132230321
4,NEX_CAT_240_L_120_P,DD013,1,5,C/5,C/5,3.2956456,3.29817353,161.48362176155243,161.60748802070353,407.80219387516206,408.1149991719339
4,NEX_CAT_240_L_120_P,DD013,1,6,C/5,C/5,3.30372143,3.30751352,161.87933004921862,162.06513899276698,408.80149464687213,409.27072672127116
4,NEX_CAT_240_L_120_P,DD013,1,7,C/5,C/5,3.32481911,3.33096535,162.91309708326082,163.21425722481723,411.4121152153204,412.17264910163493
4,NEX_CAT_240_L_120_P,DD013,1,8,C/2,C/5,3.17736292,3.32323205,155.68787856693748,162.83533259403515,393.1659306794369,411.2157328889527
4,NEX_CAT_240_L_120_P,DD013,1,9,1C,C/5,3.06219846,3.19465182,150.04492530187358,156.5350188626881,378.91551508728446,395.3052539579132
4,NEX_CAT_240_L_120_P,DD013,1,10,2C,C/5,2.8813593,3.07382009,141.18397177182266,150.61437454822845,356.538531898758,380.3535720829776
4,NEX_CAT_240_L_120_P,DD013,1,11,5C,C/5,2.49467171,2.85277183,122.23663334336837,139.78321187439929,308.68992598485164,353.0011269716807
4,NEX_CAT_240_L_120_P,DD013,1,12,10C,C/5,1.39224438,2.51921697,68.21870193189676,123.4393286458848,172.27590022858186,311.72714906406753
4,NEX_CAT_240_L_120_P,DD015,2,1,C/20,C/20,3.37818052,3.71360759,164.342666408247,180.66061589109634,418.01504001593366,459.52068462502564
4,NEX_CAT_240_L_120_P,DD015,2,2,C/5,C/5,3.2801709,3.45584039,159.5746671290199,168.12068538418907,405.8873591582374,427.62464893810056
4,NEX_CAT_240_L_120_P,DD015,2,3,C/5,C/5,3.30167666,3.29739104,160.62088532861327,160.41239729375465,408.5484754229695,408.01817409502473
4,NEX_CAT_240_L_120_P,DD015,2,4,C/5,C/5,3.31322903,3.31430088,161.18288824050464,161.23503189770315,409.9779622071242,410.1105926032763
4,NEX_CAT_240_L_120_P,DD015,2,5,C/5,C/5,3.32311343,3.32490839,161.66374728348012,161.75106899726947,411.2010548858818,411.4231626956287
4,NEX_CAT_240_L_120_P,DD015,2,6,C/5,C/5,3.33165744,3.33455604,162.07939866057666,162.22041056033476,412.2582881097731,412.61696000069685
4,NEX_CAT_240_L_120_P,DD015,2,7,C/5,C/5,3.35282209,3.35871834,163.10902244592646,163.39586485741773,414.87719552584963,415.60679572486265
4,NEX_CAT_240_L_120_P,DD015,2,8,C/2,C/5,3.20316021,3.35049582,155.82822964244684,162.99585341534265,396.35807957373356,414.58934357673655
4,NEX_CAT_240_L_120_P,DD015,2,9,1C,C/5,3.07950234,3.21912058,149.8124871568545,156.60467416550688,381.05669198644875,398.33301095017134
4,NEX_CAT_240_L_120_P,DD015,2,10,2C,C/5,2.87149125,3.09000644,139.69310574111955,150.32349353795186,355.31746236407565,382.3564661565489
4,NEX_CAT_240_L_120_P,DD015,2,11,5C,C/5,2.46736902,2.73944886,120.0332549901458,133.26947079235202,305.3114993479908,338.97857679746016
4,NEX_CAT_240_L_120_P,DD015,2,12,10C,C/5,1.28559214,2.47803654,62.54184433017937,120.55221147289863,159.0787841752962,306.63149505966777
4,NEX_CAT_240_L_120_P,DD057,3,1,C/20,C/20,3.30997194,3.66004179,165.53700158436757,183.04455583695417,427.77826113253894,473.0210228303704
4,NEX_CAT_240_L_120_P,DD057,3,2,C/5,C/5,3.16571641,3.3254299,158.322551331909,166.3100789383137,409.134785930706,429.7760361497665
4,NEX_CAT_240_L_120_P,DD057,3,3,C/5,C/5,3.18097801,3.17295915,159.08580840755056,158.6847723671892,411.1071835305782,410.0708321507942
4,NEX_CAT_240_L_120_P,DD057,3,4,C/5,C/5,3.1929336,3.18873068,159.6837266245769,159.4735318593914,412.6523149074362,412.1091327168104
4,NEX_CAT_240_L_120_P,DD057,3,5,C/5,C/5,3.20168091,3.20020355,160.12119361691913,160.04730847556633,413.7828106122993,413.591877727271
4,NEX_CAT_240_L_120_P,DD057,3,6,C/5,C/5,3.20901694,3.20850592,160.48808023461444,160.46252330540685,414.7309135611769,414.66486972426026
4,NEX_CAT_240_L_120_P,DD057,3,7,C/5,C/5,3.23160931,3.23302248,161.61796086692112,161.68863576349713,417.6507343115193,417.8333713296701
4,NEX_CAT_240_L_120_P,DD057,3,8,C/2,C/5,3.08360241,3.22270574,154.21589858847253,161.17267906154228,398.5224348983171,416.50004368286335
4,NEX_CAT_240_L_120_P,DD057,3,9,1C,C/5,2.96606621,3.08818902,148.3377248521657,154.44528230549489,383.33214562470886,399.1152048933078
4,NEX_CAT_240_L_120_P,DD057,3,10,2C,C/5,2.81220964,2.97023878,140.6431112017988,148.5464017652095,363.447839300826,383.87140540437144
4,NEX_CAT_240_L_120_P,DD057,3,11,5C,C/5,2.36016092,2.63778142,118.035430219811,131.91967636491665,305.0254058499884,340.9048685455984
4,NEX_CAT_240_L_120_P,DD057,3,12,10C,C/5,0.93504944,2.36262647,46.763321090492994,118.15873632682782,120.8450798879444,305.34405166054324
5,NEX_CAT_240_L_120_M,DD035,1,1,C/20,C/20,3.32469752,3.65793373,166.49487439585656,183.18274467408304,460.37291133693265,506.5163343815005
5,NEX_CAT_240_L_120_M,DD035,1,2,C/5,C/5,3.17972215,3.35449561,159.23476851451224,167.98710916967934,440.2980826472391,464.4990711945007
5,NEX_CAT_240_L_120_M,DD035,1,3,C/5,C/5,3.19332558,3.19211035,159.9160038315834,159.8551472980206,442.18175796975936,442.0134843239078
5,NEX_CAT_240_L_120_M,DD035,1,4,C/5,C/5,3.20358102,3.20556984,160.42957782873737,160.5291743586785,443.60183505690475,443.87722818605926
5,NEX_CAT_240_L_120_M,DD035,1,5,C/5,C/5,3.21310746,3.21515401,160.9066448165455,161.00913236109508,444.92096706548415,445.2043541032609
5,NEX_CAT_240_L_120_M,DD035,1,6,C/5,C/5,3.22127184,3.22464057,161.31550228837352,161.48420223020267,446.0514937877651,446.5179639037015
5,NEX_CAT_240_L_120_M,DD035,1,7,C/5,C/5,3.24077034,3.24703244,162.29195211241876,162.6055468219171,448.75146308052143,449.6185799206973
5,NEX_CAT_240_L_120_M,DD035,1,8,C/2,C/5,3.09099444,3.24015501,154.79144431944923,162.26113749230797,428.01190204788065,448.66625795679846
5,NEX_CAT_240_L_120_M,DD035,1,9,1C,C/5,2.97602127,3.10626192,149.03379467376254,155.55601226875888,412.09149645304745,430.125999397819
5,NEX_CAT_240_L_120_M,DD035,1,10,2C,C/5,2.83031618,2.98645876,141.73714572676693,149.5564854076125,391.9156229859449,413.53678211571133
5,NEX_CAT_240_L_120_M,DD035,1,11,5C,C/5,2.480909,2.64769197,124.239462344397,132.59165362630281,343.53299577520613,366.62753625548424
5,NEX_CAT_240_L_120_M,DD035,1,12,10C,C/5,1.58049599,2.49259976,79.1483976377511,124.82491458661846,218.8522522411746,345.1518225059282
5,NEX_CAT_240_L_120_M,DD036,2,1,C/20,C/20,3.32874424,4.50892049,169.33928085966048,229.3769957015346,472.1755378562099,639.5811164863288
5,NEX_CAT_240_L_120_M,DD036,2,2,C/5,C/5,3.19708335,3.36097845,162.64145164165402,170.9790938182191,453.49971085714407,476.7478943806993
5,NEX_CAT_240_L_120_M,DD036,2,3,C/5,C/5,3.20109231,3.21240631,162.84539473684208,163.42095851871022,454.06837360434383,455.6732412812024
5,NEX_CAT_240_L_120_M,DD036,2,4,C/5,C/5,3.20230829,3.21466371,162.90725385364215,163.5357965672509,454.2408578714206,455.9934488376582
5,NEX_CAT_240_L_120_M,DD036,2,5,C/5,C/5,3.20359946,3.21518025,162.97293802265708,163.56207389762798,454.4240076856622,456.06671897640706
5,NEX_CAT_240_L_120_M,DD036,2,6,C/5,C/5,3.20341325,3.21585845,162.9634651808839,163.59657516657467,454.3975941793773,456.1629202543322
5,NEX_CAT_240_L_120_M,DD036,2,7,C/5,C/5,3.21780956,3.23483188,163.69583168508632,164.56178809973807,456.43968120297956,458.85426235492787
5,NEX_CAT_240_L_120_M,DD036,2,8,C/2,C/5,3.07106084,3.21478456,156.23045708127606,163.54194442680887,435.6236764877268,456.0105911621012
5,NEX_CAT_240_L_120_M,DD036,2,9,1C,C/5,2.96223368,3.08638886,150.69422128672335,157.01022136974615,420.18676722059615,437.79792466239905
5,NEX_CAT_240_L_120_M,DD036,2,10,2C,C/5,2.82749262,2.97312949,143.83969821207933,151.2485109818017,401.07402442939394,421.7323155043324
5,NEX_CAT_240_L_120_M,DD036,2,11,5C,C/5,2.49905212,2.63020014,127.13133191380602,133.80307050101823,354.4854136620907,373.0884911043748
5,NEX_CAT_240_L_120_M,DD036,2,12,10C,C/5,1.62048936,2.50962528,82.43724452171534,127.66920781586515,229.86308949595525,355.9851947055991
5,NEX_CAT_240_L_120_M,DD037,3,1,C/20,C/20,3.20865321,3.52916642,163.15752163736124,179.4553692304438,455.1408717498238,500.6050127022
5,NEX_CAT_240_L_120_M,DD037,3,2,C/5,C/5,3.14582596,3.31117142,159.96280481058054,168.3704929282969,446.2289552966761,469.68286940921917
5,NEX_CAT_240_L_120_M,DD037,3,3,C/5,C/5,3.16202619,3.15704064,160.78657391361654,160.5330625713923,448.5269246695482,447.81973463539913
5,NEX_CAT_240_L_120_M,DD037,3,4,C/5,C/5,3.17465979,3.17310279,161.42898265349956,161.3498104137581,450.3189748977929,450.09811764369454
5,NEX_CAT_240_L_120_M,DD037,3,5,C/5,C/5,3.17071986,3.18409098,161.2286402755133,161.9085513341209,449.76010391440195,451.6567698408114
5,NEX_CAT_240_L_120_M,DD037,3,6,C/5,C/5,3.19261065,3.18142165,162.34176993126812,161.77281797849523,452.86526754281795,451.2781308593841
5,NEX_CAT_240_L_120_M,DD037,3,7,C/5,C/5,3.21381648,3.21699192,163.42006990344342,163.58153855916896,455.8732710011844,456.32370064726916
5,NEX_CAT_240_L_120_M,DD037,3,8,C/2,C/5,3.07144394,3.21117192,156.18053691084054,163.28559608306404,435.6780184363749,455.49814559341405
5,NEX_CAT_240_L_120_M,DD037,3,9,1C,C/5,2.96414249,3.08403958,150.7243415839248,156.82101541422995,420.4575280010685,437.4646841165363
5,NEX_CAT_240_L_120_M,DD037,3,10,2C,C/5,2.80985212,2.97307754,142.87879619956976,151.1786819311965,398.5717557133232,421.7249465034651
5,NEX_CAT_240_L_120_M,DD037,3,11,5C,C/5,2.4456352,2.62519793,124.35864892394908,133.48927417005933,346.90833320377885,372.3789378834221
5,NEX_CAT_240_L_120_M,DD037,3,12,10C,C/5,1.64675766,2.45488323,83.73634698370546,124.82890406094096,233.58919393258455,348.2201472767521
6,NEX_CAT_240_L_120_D,DD038,1,1,C/20,C/20,3.17156718,3.4739572,159.3911262308765,174.58811974017914,472.9510788514058,518.0441442276525
6,NEX_CAT_240_L_120_D,DD038,1,2,C/5,C/5,3.10999823,3.28194718,156.2969006558242,164.9384129553419,463.7697815073438,489.4111874099823
6,NEX_CAT_240_L_120_D,DD038,1,3,C/5,C/5,3.15893482,3.16119782,158.75627097696577,158.87000090863333,471.0673135229856,471.4047770640987
6,NEX_CAT_240_L_120_D,DD038,1,4,C/5,C/5,3.18551087,3.18851484,160.09188403507164,160.242852352717,475.0303925958082,475.4783512142781
6,NEX_CAT_240_L_120_D,DD038,1,5,C/5,C/5,3.1993428,3.2034146,160.78702519889424,160.991658665869,477.09304044301456,477.7002362214962
6,NEX_CAT_240_L_120_D,DD038,1,6,C/5,C/5,3.20783843,3.21298982,161.21398384642973,161.47287347643106,478.35992748843483,479.1281141040135
6,NEX_CAT_240_L_120_D,DD038,1,7,C/5,C/5,3.2269803,3.23553513,162.1759827713477,162.6059165898751,481.21440527620587,482.49012035593194
6,NEX_CAT_240_L_120_D,DD038,1,8,C/2,C/5,3.0791107,3.2266959,154.74460870872758,162.16168988908242,459.1637650468774,481.17199492221005
6,NEX_CAT_240_L_120_D,DD038,1,9,1C,C/5,2.96662573,3.09517169,149.09153405042997,155.551774106524,442.3897587286294,461.558815227691
6,NEX_CAT_240_L_120_D,DD038,1,10,2C,C/5,2.83000554,2.97769571,142.22551333761118,149.64786991828734,422.0166552796953,444.0405385124785
6,NEX_CAT_240_L_120_D,DD038,1,11,5C,C/5,2.53556005,2.63876901,127.42778224723511,132.61467927254657,378.10829570383703,393.499042993362
6,NEX_CAT_240_L_120_D,DD038,1,12,10C,C/5,1.55398167,2.54801856,78.0973173405831,128.05390044917044,231.73316711576302,379.96613613759416
6,NEX_CAT_240_L_120_D,DD039,2,1,C/20,C/20,3.26773701,4.41819733,168.72085923210759,228.12180034482137,513.6322510182619,694.4648951571456
6,NEX_CAT_240_L_120_D,DD039,2,2,C/5,C/5,3.13620509,3.29676334,161.92956039412402,170.21955613548988,492.95768756850805,518.1946926012517
6,NEX_CAT_240_L_120_D,DD039,2,3,C/5,C/5,3.14017805,3.15171767,162.13469355595544,162.73051096587974,493.58216878647653,495.3959992686595
6,NEX_CAT_240_L_120_D,DD039,2,4,C/5,C/5,3.13444507,3.15348768,161.8386864695221,162.82190069740818,492.6810425901421,495.67421450380317
6,NEX_CAT_240_L_120_D,DD039,2,5,C/5,C/5,3.14241233,3.1475468,162.25005462699986,162.5151592506126,493.9333593083249,494.7404099907438
6,NEX_CAT_240_L_120_D,DD039,2,6,C/5,C/5,3.14232726,3.15451462,162.24566226511428,162.87492399721768,493.91998776237114,495.83563187069853
6,NEX_CAT_240_L_120_D,DD039,2,7,C/5,C/5,3.15571323,3.17322882,162.93681101825558,163.84118165325881,496.0240328192782,498.77718336110013
6,NEX_CAT_240_L_120_D,DD039,2,8,C/2,C/5,3.01194395,3.1533413,155.5136688319199,162.8143427576784,473.4259661181655,495.6512060766642
6,NEX_CAT_240_L_120_D,DD039,2,9,1C,C/5,2.90586334,3.02748596,150.03648030288764,156.3161389429996,456.75191238099205,475.8689037099052
6,NEX_CAT_240_L_120_D,DD039,2,10,2C,C/5,2.77808717,2.91703438,143.43909956942775,150.6132670704728,436.66768846004925,458.50780840440405
6,NEX_CAT_240_L_120_D,DD039,2,11,5C,C/5,2.50558008,2.57950234,129.36892494064352,133.18570309182627,393.8342445118975,405.45355680293073
6,NEX_CAT_240_L_120_D,DD039,2,12,10C,C/5,1.77730089,2.51771891,91.76617713026714,129.99568095601592,279.3612380904118,395.7422605359985
6,NEX_CAT_240_L_120_D,DD040,3,1,C/20,C/20,3.26027648,3.55068739,166.93560887211072,181.80548950381524,512.4595835710461,558.1072011630022
6,NEX_CAT_240_L_120_D,DD040,3,2,C/5,C/5,3.12009171,3.28314163,159.7577421856183,168.10637084908333,490.42494040569017,516.0535932567798
6,NEX_CAT_240_L_120_D,DD040,3,3,C/5,C/5,3.13280097,3.1287192,160.40849314782318,160.19949468882564,492.4226182489803,491.7810339639467
6,NEX_CAT_240_L_120_D,DD040,3,4,C/5,C/5,3.14227086,3.14150609,160.89337897354983,160.85422053211693,493.9111226490316,493.7909139127076
6,NEX_CAT_240_L_120_D,DD040,3,5,C/5,C/5,3.14499095,3.14979214,161.03265546838773,161.2784903173269,494.3386741764026,495.0933389550307
6,NEX_CAT_240_L_120_D,DD040,3,6,C/5,C/5,3.15730761,3.15299478,161.66330417225802,161.4424747713074,496.2746420286095,495.5967390717987
6,NEX_CAT_240_L_120_D,DD040,3,7,C/5,C/5,3.17569755,3.1787217,162.60492242146296,162.75976766991582,499.16522540462324,499.64056995259733
6,NEX_CAT_240_L_120_D,DD040,3,8,C/2,C/5,3.03593118,3.17144736,155.44847902811162,162.38730037013553,477.1963475481548,498.4971683822023
6,NEX_CAT_240_L_120_D,DD040,3,9,1C,C/5,2.92252136,3.04354973,149.64156741496635,155.83857087792083,459.37026761702356,478.3938530310073
6,NEX_CAT_240_L_120_D,DD040,3,10,2C,C/5,2.7814389,2.92897302,142.41773639764253,149.971911113405,437.19452296950857,460.3843579916355
6,NEX_CAT_240_L_120_D,DD040,3,11,5C,C/5,2.49449873,2.59357396,127.72556771726825,132.798506759602,392.09244621925546,407.6653742882288
6,NEX_CAT_240_L_120_D,DD040,3,12,10C,C/5,1.65986847,2.49962758,84.99007841416838,127.98817970824997,260.90287438411036,392.8986135339975
7,NEX_CAT_240_L_145_P,DD004,1,1,C/20,C/20,3.326112606081448,3.670149227325238,165.49958114406837,182.61803847168943,420.5193931619347,464.01583730709075
7,NEX_CAT_240_L_145_P,DD004,1,2,C/5,C/5,3.176245721907416,3.336515682036313,158.0425556324187,166.01721386341532,401.5717691179667,421.8346508533186
7,NEX_CAT_240_L_145_P,DD004,1,3,C/5,C/5,3.186540450530218,3.183355614281502,158.5547972420234,158.3963272418763,402.87332848950217,402.47067062272356
7,NEX_CAT_240_L_145_P,DD004,1,4,C/5,C/5,3.195298423583739,3.193878008424727,158.990573490061,158.91989695510625,403.9805963273563,403.8010136759411
7,NEX_CAT_240_L_145_P,DD004,1,5,C/5,C/5,3.202773968247805,3.20222422085426,159.3625391019482,159.3351849578941,404.9257271386044,404.85622274482546
7,NEX_CAT_240_L_145_P,DD004,1,6,C/5,C/5,3.209102624353404,3.209503225890354,159.67743822255116,159.6973712177389,405.7258571823651,405.7765051113949
7,NEX_CAT_240_L_145_P,DD004,1,7,C/5,C/5,3.231541894271571,3.233633196885874,160.79396379232446,160.8980221173733,408.5628471723406,408.82724991825984
7,NEX_CAT_240_L_145_P,DD004,1,8,C/2,C/5,3.084570415168472,3.221796822694587,153.48100686260003,160.30907183128232,389.9812883004177,407.33078077194864
7,NEX_CAT_240_L_145_P,DD004,1,9,1C,C/5,2.964289979698788,3.088840318985342,147.4961338148078,153.69346728619647,374.7742698607882,390.521130925904
7,NEX_CAT_240_L_145_P,DD004,1,10,2C,C/5,2.802138889225324,2.968303282711961,139.42787493916254,147.6958263827834,354.27355739489843,375.28167052563305
7,NEX_CAT_240_L_145_P,DD004,1,11,5C,C/5,2.259019868681166,2.638555568669149,112.40354321717341,131.28835164560275,285.6071867746306,333.5917685204262
7,NEX_CAT_240_L_145_P,DD004,1,12,10C,C/5,0.5924593852996828,2.261007641489861,29.479392830144214,112.50245014132477,74.90445775160705,285.85850027908856
7,NEX_CAT_240_L_145_P,DD005,2,1,C/20,C/20,3.275887449014602,3.666850459743256,164.87011699006692,184.54665298858274,414.1694420109737,463.59877513691015
7,NEX_CAT_240_L_145_P,DD005,2,2,C/5,C/5,3.128539260382657,3.289009722255543,157.454320972615,165.5305397787254,395.54025586925275,415.8284869783919
7,NEX_CAT_240_L_145_P,DD005,2,3,C/5,C/5,3.140547413105532,3.13707362068093,158.05867187754325,157.88384152321723,397.05844292244706,396.61925241527865
7,NEX_CAT_240_L_145_P,DD005,2,4,C/5,C/5,3.150361348248095,3.148698155516766,158.55259136051387,158.46888556034247,398.2992157222421,398.08893877707465
7,NEX_CAT_240_L_145_P,DD005,2,5,C/5,C/5,3.158379757411908,3.15774350910308,158.9561449250021,158.92412357666709,399.3129807251243,399.23254004724726
7,NEX_CAT_240_L_145_P,DD005,2,6,C/5,C/5,3.165020590783885,3.165559820162827,159.2903673279356,159.31750587044485,400.15257924459934,400.2207538490289
7,NEX_CAT_240_L_145_P,DD005,2,7,C/5,C/5,3.188766979869207,3.191048265584183,160.48548468392605,160.60029810427997,403.15482790860693,403.4432501594762
7,NEX_CAT_240_L_145_P,DD005,2,8,C/2,C/5,3.036869000696673,3.178772129103624,152.84070506725652,159.98246001025615,383.95041314905626,401.891182002271
7,NEX_CAT_240_L_145_P,DD005,2,9,1C,C/5,2.914737806958092,3.044732541500126,146.69403961760156,153.2364643576471,368.5094039110686,384.9445981927995
7,NEX_CAT_240_L_145_P,DD005,2,10,2C,C/5,2.738415006052386,2.921222289911769,137.8199982270512,147.02039315685835,346.2169664566331,369.32923509527546
7,NEX_CAT_240_L_145_P,DD005,2,11,5C,C/5,2.152367741152445,2.604892717784197,108.3251872393214,131.10003741332434,272.1231911138088,329.33578464292367
7,NEX_CAT_240_L_145_P,DD005,2,12,10C,C/5,0.6336534287346731,2.156969802764985,31.890752216797825,108.5568015570487,80.11260798545526,272.70502834717865
7,NEX_CAT_240_L_145_P,DD006,3,1,C/20,C/20,3.151534265902571,3.89680804408913,156.96968014805995,194.08981806005465,389.9699008011713,482.1898536329047
7,NEX_CAT_240_L_145_P,DD006,3,2,C/5,C/5,2.965565020999939,3.992445999187397,147.70703839113077,198.85329449888374,366.9581224520064,494.02406539002067
7,NEX_CAT_240_L_145_P,DD006,3,3,C/5,C/5,2.947628753568962,3.742364662455106,146.8136798158642,186.39739710865672,364.738694122612,463.0790761088124
7,NEX_CAT_240_L_145_P,DD006,3,4,C/5,C/5,3.027040397432943,3.596019638396087,150.76896612584528,179.10833416990252,374.5650670150627,444.97038691177573
7,NEX_CAT_240_L_145_P,DD006,3,5,C/5,C/5,3.193748966993059,3.193486374351175,159.0722840129182,159.0592049601369,395.1935351987793,395.16104206436705
7,NEX_CAT_240_L_145_P,DD006,3,6,C/5,C/5,3.200967341515287,3.202040441021612,159.43181237096337,159.4852606510907,396.0867346879407,396.21951969762915
7,NEX_CAT_240_L_145_P,DD006,3,7,C/5,C/5,3.223025634456973,3.225670697142306,160.53047825733188,160.66222191253516,398.81622121245067,399.14352047242454
7,NEX_CAT_240_L_145_P,DD006,3,8,C/2,C/5,3.070192461616925,3.250048334963505,152.91825759507458,161.87640830198978,379.90469043952004,402.1600020337244
7,NEX_CAT_240_L_145_P,DD006,3,9,1C,C/5,2.958124533121185,3.083119792323998,147.33644714764986,153.56213413108816,366.0374387230104,381.5043144474213
7,NEX_CAT_240_L_145_P,DD006,3,10,2C,C/5,2.797552517366941,2.964376672294264,139.3387749578301,147.64784984977416,346.16830585886447,366.81107654110417
7,NEX_CAT_240_L_145_P,DD006,3,11,5C,C/5,2.220115570907592,2.675491543302354,110.5781507209117,133.2592370436226,274.7164320315643,331.0645176936328
7,NEX_CAT_240_L_145_P,DD006,3,12,10C,C/5,0.6189634005588955,2.281838888603122,30.82894831900552,113.65242776151675,76.59034474955327,282.35405677176414
8,NEX_CAT_240_L_145_M,DD041,1,1,C/20,C/20,3.26807645,3.61768834,165.35581482282043,183.0452293231135,463.56993637154994,513.1616653539112
8,NEX_CAT_240_L_145_M,DD041,1,2,C/5,C/5,3.11949253,3.2888005,157.8378709995758,166.40439560928854,442.4936123032328,466.509600325819
8,NEX_CAT_240_L_145_M,DD041,1,3,C/5,C/5,3.13723852,3.129772,158.73577001790738,158.35798433345963,445.01084455927446,443.9517340230699
8,NEX_CAT_240_L_145_M,DD041,1,4,C/5,C/5,3.15031078,3.14798052,159.39719095984276,159.27928611675102,446.86511780812464,446.5345752102215
8,NEX_CAT_240_L_145_M,DD041,1,5,C/5,C/5,3.1542094,3.15998662,159.5944505700898,159.88676225102088,447.41812905280864,448.2376158514741
8,NEX_CAT_240_L_145_M,DD041,1,6,C/5,C/5,3.17074091,3.16404079,160.43090019056964,160.09189226986734,449.76308981369465,448.81269154437575
8,NEX_CAT_240_L_145_M,DD041,1,7,C/5,C/5,3.19182854,3.19417705,161.49787714006303,161.61670538371368,452.75432684467864,453.08745816762183
8,NEX_CAT_240_L_145_M,DD041,1,8,C/2,C/5,3.04655986,3.18963554,154.1476754795004,161.38691728112016,432.1482627654925,452.44325429603526
8,NEX_CAT_240_L_145_M,DD041,1,9,1C,C/5,2.93335262,3.05862337,148.41969582527824,154.7580564042408,416.0900481409238,433.85944689740523
8,NEX_CAT_240_L_145_M,DD041,1,10,2C,C/5,2.78317735,2.94202752,140.8212340031605,148.8586222641033,394.7879943415151,417.3205648998048
8,NEX_CAT_240_L_145_M,DD041,1,11,5C,C/5,2.43712538,2.60720781,123.3119418106868,131.91765199830965,345.70123270405423,369.82707628798215
8,NEX_CAT_240_L_145_M,DD041,1,12,10C,C/5,1.59621219,2.44570778,80.76401251493633,123.74618800010364,226.41942276282805,346.91862852780105
8,NEX_CAT_240_L_145_M,DD042,2,1,C/20,C/20,3.30485317,3.64390684,165.63249113112622,182.62516859680946,468.7866386155731,516.8807057627602
8,NEX_CAT_240_L_145_M,DD042,2,2,C/5,C/5,3.16003598,3.33025229,158.37454933932506,166.90544315100018,448.24461746615765,472.3894516532832
8,NEX_CAT_240_L_145_M,DD042,2,3,C/5,C/5,3.17324818,3.17028726,159.03671781905894,158.88832255596773,450.1187409167667,449.6987404923576
8,NEX_CAT_240_L_145_M,DD042,2,4,C/5,C/5,3.18311574,3.18335779,159.53125977300175,159.5433908246449,451.5184340485912,451.5527683442588
8,NEX_CAT_240_L_145_M,DD042,2,5,C/5,C/5,3.19338527,3.19285041,160.0459476423711,160.01914155155578,452.9751457998312,452.899277006686
8,NEX_CAT_240_L_145_M,DD042,2,6,C/5,C/5,3.20150646,3.20297352,160.45296509865622,160.52649114956964,454.12711993175867,454.33521938146805
8,NEX_CAT_240_L_145_M,DD042,2,7,C/5,C/5,3.22005641,3.22433206,161.38265070670332,161.59693755222293,456.7583922635903,457.3648844398816
8,NEX_CAT_240_L_145_M,DD042,2,8,C/2,C/5,3.07641423,3.21836133,154.18359801629117,161.29769675909222,436.3830438708467,456.5179486449152
8,NEX_CAT_240_L_145_M,DD042,2,9,1C,C/5,2.96033752,3.08585409,148.36607038325403,154.65670451975774,419.9178008166583,437.72206863556914
8,NEX_CAT_240_L_145_M,DD042,2,10,2C,C/5,2.82214911,2.96761171,141.44034950659872,148.7306379294307,400.3160585039943,420.94962973713984
8,NEX_CAT_240_L_145_M,DD042,2,11,5C,C/5,2.52846061,2.63132697,126.72128170862945,131.87673358015425,358.65694760465914,373.24832962694103
8,NEX_CAT_240_L_145_M,DD042,2,12,10C,C/5,1.76175386,2.53498911,88.29550530127709,127.0484767949847,249.90116886113006,359.5830019292456
8,NEX_CAT_240_L_145_M,DD043,3,1,C/20,C/20,3.28627768,3.60218292,164.0904584317993,179.86424284693965,466.15174348716494,510.9622533533706
8,NEX_CAT_240_L_145_M,DD043,3,2,C/5,C/5,3.1833202,3.35044916,158.94958424609055,167.29466957790277,451.5474362799161,475.2543362066432
8,NEX_CAT_240_L_145_M,DD043,3,3,C/5,C/5,3.2004493,3.19208176,159.80487468263215,159.3870665701581,453.97716395568756,452.7902455819187
8,NEX_CAT_240_L_145_M,DD043,3,4,C/5,C/5,3.21315801,3.20788243,160.43944615012202,160.17602582323912,455.7798683832613,455.03153818892855
8,NEX_CAT_240_L_145_M,DD043,3,5,C/5,C/5,3.21894793,3.21947174,160.72854850835108,160.75470339585624,456.60115665085874,456.67545802418516
8,NEX_CAT_240_L_145_M,DD043,3,6,C/5,C/5,3.2307668,3.22626315,161.31868847377416,161.09381216535567,458.27763910092006,457.63880559262196
8,NEX_CAT_240_L_145_M,DD043,3,7,C/5,C/5,3.25017002,3.25053551,162.28753029874528,162.3057799500201,461.0299460308278,461.0817900371222
8,NEX_CAT_240_L_145_M,DD043,3,8,C/2,C/5,3.10818681,3.24530104,155.19802287205744,162.044412328174,440.8899191273786,460.33929121190687
8,NEX_CAT_240_L_145_M,DD043,3,9,1C,C/5,2.99303539,3.11303582,149.44828072097036,155.44014370033764,424.5559265604381,441.57774124279
8,NEX_CAT_240_L_145_M,DD043,3,10,2C,C/5,2.84889427,2.99739996,142.251024505034,149.66621248508037,404.1098045528198,425.17503185621206
8,NEX_CAT_240_L_145_M,DD043,3,11,5C,C/5,2.54887917,2.65414119,127.27066676013943,132.5266112661001,361.5532784294777,376.4844799054226
8,NEX_CAT_240_L_145_M,DD043,3,12,10C,C/5,1.71789105,2.5513302,85.77775750538069,127.393051620913,243.6793192955309,361.9009520039881
9,NEX_CAT_240_L_145_D,DD023,1,1,C/20,C/20,3.39640312,3.71285978,167.19532318229645,182.77358985809968,506.47910911295304,553.6698228082287
9,NEX_CAT_240_L_145_D,DD023,1,2,C/5,C/5,3.24179418,3.41054598,159.5843621812442,167.89153619496793,483.4234836687925,508.58812352615064
9,NEX_CAT_240_L_145_D,DD023,1,3,C/5,C/5,3.25447403,3.25082987,160.20855534788248,160.02916365396368,485.3143308105435,484.77090565014464
9,NEX_CAT_240_L_145_D,DD023,1,4,C/5,C/5,3.26452129,3.26364224,160.70315355176018,160.65988040553734,486.8126003368729,486.6815144659867
9,NEX_CAT_240_L_145_D,DD023,1,5,C/5,C/5,3.27257961,3.27313867,161.09984186263017,161.12736280583854,488.0142747525257,488.09764301027843
9,NEX_CAT_240_L_145_D,DD023,1,6,C/5,C/5,3.27949055,3.28090232,161.44004790000815,161.50954534570863,489.0448493370682,489.25537558693
9,NEX_CAT_240_L_145_D,DD023,1,7,C/5,C/5,3.29701783,3.30076638,162.30286634074338,162.4873968592276,491.6585559101482,492.21754793712097
9,NEX_CAT_240_L_145_D,DD023,1,8,C/2,C/5,3.1500545,3.29406282,155.06827710408749,162.1573995529385,469.7430606580201,491.2178983146447
9,NEX_CAT_240_L_145_D,DD023,1,9,1C,C/5,3.03360835,3.15742694,149.33596235972223,155.4312014816985,452.3783544591773,470.84245513837516
9,NEX_CAT_240_L_145_D,DD023,1,10,2C,C/5,2.88825706,3.03914032,142.18072929465728,149.6082856026666,430.7032501601273,453.20329400205446
9,NEX_CAT_240_L_145_D,DD023,1,11,5C,C/5,2.56813723,2.69272604,126.42213511638089,132.55528999136752,382.9662764914098,401.5452340723471
9,NEX_CAT_240_L_145_D,DD023,1,12,10C,C/5,1.49395448,2.57250808,73.5431552963712,126.63729970447942,222.78178041648513,383.61806726413363
9,NEX_CAT_240_L_145_D,DD024,2,1,C/20,C/20,3.42994392,3.74294257,167.39403345202396,182.66953290932656,511.4807870359599,558.1558346685733
9,NEX_CAT_240_L_145_D,DD024,2,2,C/5,C/5,3.27442301,3.44234194,159.80403401814715,167.99910298756868,488.2891666180527,513.3296070677719
9,NEX_CAT_240_L_145_D,DD024,2,3,C/5,C/5,3.28897576,3.28234671,160.51426240004994,160.19074007917914,490.4593047302635,489.47076620299197
9,NEX_CAT_240_L_145_D,DD024,2,4,C/5,C/5,3.29885281,3.2965468,160.99629921367438,160.88375734007994,491.9321921667419,491.58831487975914
9,NEX_CAT_240_L_145_D,DD024,2,5,C/5,C/5,3.30720173,3.30595437,161.4037575938593,161.34288178176533,493.1772014940373,492.9911924252601
9,NEX_CAT_240_L_145_D,DD024,2,6,C/5,C/5,3.31425365,3.31398206,161.74791754513365,161.7346629419665,494.22879932649244,494.18829922789286
9,NEX_CAT_240_L_145_D,DD024,2,7,C/5,C/5,3.33196515,3.34251408,162.61230468749997,163.12713174662665,496.869977191461,498.44305685242153
9,NEX_CAT_240_L_145_D,DD024,2,8,C/2,C/5,3.18628335,3.32727469,155.50249045399173,162.3833927762681,475.1455865137221,496.17052547204025
9,NEX_CAT_240_L_145_D,DD024,2,9,1C,C/5,3.0677129,3.1897591,149.71581103979258,155.67211999469012,457.46410002306015,475.66389800423184
9,NEX_CAT_240_L_145_D,DD024,2,10,2C,C/5,2.92020483,3.07114554,142.5168680308283,149.88333665198647,435.4673719430991,457.9759828554801
9,NEX_CAT_240_L_145_D,DD024,2,11,5C,C/5,2.56993928,2.72005252,125.42260510369812,132.74869010807095,383.23500215392096,405.62021891854897
9,NEX_CAT_240_L_145_D,DD024,2,12,10C,C/5,1.28170316,2.57129161,62.551886166291844,125.48860384260992,191.13039638947708,383.4366645801487
9,NEX_CAT_240_L_145_D,DD025,3,1,C/20,C/20,3.31619676,3.71805031,165.8196545235478,185.91352158047758,507.5322064868684,569.0344735948313
9,NEX_CAT_240_L_145_D,DD025,3,2,C/5,C/5,3.17985385,3.34270966,159.00210542464114,167.145378006378,486.66540546172644,511.5899122296862
9,NEX_CAT_240_L_145_D,DD025,3,3,C/5,C/5,3.1930391,3.18528873,159.66140695529177,159.27386551283837,488.6833614245026,487.49719465821283
9,NEX_CAT_240_L_145_D,DD025,3,4,C/5,C/5,3.20356448,3.19837853,160.18770711226105,159.92839426094025,490.2942336742881,489.50054233546945
9,NEX_CAT_240_L_145_D,DD025,3,5,C/5,C/5,3.21223099,3.20848588,160.62105826664938,160.4337916804675,491.62061243320125,491.04743656958453
9,NEX_CAT_240_L_145_D,DD025,3,6,C/5,C/5,3.21990717,3.21690865,161.00488998948737,160.85495511334273,492.79542468191426,492.3365117820069
9,NEX_CAT_240_L_145_D,DD025,3,7,C/5,C/5,3.23926297,3.23821663,161.97273728604733,161.9204171886976,495.7577615374386,495.59762289447843
9,NEX_CAT_240_L_145_D,DD025,3,8,C/2,C/5,3.09575323,3.25529349,154.79682547206795,162.77431073919578,473.79410248285444,498.21117602866195
9,NEX_CAT_240_L_145_D,DD025,3,9,1C,C/5,2.97613761,3.09727355,148.81569038887102,154.8728459724816,455.4873541375316,474.02678209145705
9,NEX_CAT_240_L_145_D,DD025,3,10,2C,C/5,2.82623157,2.97753737,141.31994464072272,148.88568253240592,432.5447639496959,455.701582463764
9,NEX_CAT_240_L_145_D,DD025,3,11,5C,C/5,2.49715235,2.64425123,124.8650095085629,132.22038894702567,382.1803511228835,404.69331538322706
9,NEX_CAT_240_L_145_D,DD025,3,12,10C,C/5,1.44332719,2.49614778,72.17063200141449,124.81477803485966,220.89613085056857,382.0266052309568
10,NEX_CAT_240_H_85_P,DD059,1,1,C/20,C/20,4.86905814,5.41314495,164.50392169423026,182.8862066071608,422.64629880148,469.8743806730192
10,NEX_CAT_240_H_85_P,DD059,1,2,C/5,C/5,4.65030653,4.89766401,157.11327309500717,165.47038741781995,403.65811758346626,425.12935912482544
10,NEX_CAT_240_H_85_P,DD059,1,3,C/5,C/5,4.66889325,4.6647547,157.74123608980366,157.60141280457015,405.2714908866775,404.9122545026353
10,NEX_CAT_240_H_85_P,DD059,1,4,C/5,C/5,4.6770848,4.68292246,158.01799230445718,158.21522099549057,405.9825377030023,406.4892610408061
10,NEX_CAT_240_H_85_P,DD059,1,5,C/5,C/5,4.69083298,4.69105331,158.48248245042166,158.48992642583227,407.17591375750476,407.19503894688177
10,NEX_CAT_240_H_85_P,DD059,1,6,C/5,C/5,4.70312921,4.70512794,158.89791763293405,158.9654458722678,408.2432569580343,408.4167516694372
10,NEX_CAT_240_H_85_P,DD059,1,7,C/5,C/5,4.7367726,4.74058546,160.03457885877197,160.16339852057027,411.1635864866184,411.49455217248885
10,NEX_CAT_240_H_85_P,DD059,1,8,C/2,C/5,4.50890676,4.72930096,152.33600077193276,159.78214521634115,391.3842675443948,410.5150296402676
10,NEX_CAT_240_H_85_P,DD059,1,9,1C,C/5,4.26677897,4.52678379,144.15557452502887,152.9399864830677,370.3669760399474,392.9360379989293
10,NEX_CAT_240_H_85_P,DD059,1,10,2C,C/5,3.57313471,4.27872129,120.72040539174506,144.5590526552217,310.1569373128495,371.40359897645294
10,NEX_CAT_240_H_85_P,DD059,1,11,5C,C/5,0.85004588,3.86886029,28.719287562260053,130.7116637124561,73.78608647984782,335.8266496584739
10,NEX_CAT_240_H_85_P,DD059,1,12,10C,C/5,2.6246e-05,0.85253677,0.0008867361622399455,28.80344370945055,0.0022782177660223306,74.00230189748127
10,NEX_CAT_240_H_85_P,DD027,2,1,C/20,C/20,4.95592303,5.45459249,165.3704780015141,182.0102051453307,430.1863862678206,473.4721297390071
10,NEX_CAT_240_H_85_P,DD027,2,2,C/5,C/5,4.7160882,4.96763987,157.36760946654576,165.76144844632088,409.3681293670759,431.2034369822015
10,NEX_CAT_240_H_85_P,DD027,2,3,C/5,C/5,4.73830326,4.72311098,158.10888713950277,157.6019473443678,411.2964515634202,409.9777240543756
10,NEX_CAT_240_H_85_P,DD027,2,4,C/5,C/5,4.75343191,4.74537254,158.61370371289848,158.34477664094373,412.60965583096316,411.91008256582
10,NEX_CAT_240_H_85_P,DD027,2,5,C/5,C/5,4.76851186,4.76009965,159.11689525252555,158.83619452728666,413.9186328179604,413.18843216744176
10,NEX_CAT_240_H_85_P,DD027,2,6,C/5,C/5,4.78195746,4.77490403,159.5655513929776,159.33019077829707,415.0857441794947,414.47348899632794
10,NEX_CAT_240_H_85_P,DD027,2,7,C/5,C/5,4.81584373,4.81005455,160.69627691749977,160.50310211271741,418.02715629327315,417.52464113947065
10,NEX_CAT_240_H_85_P,DD027,2,8,C/2,C/5,4.57663055,4.80071233,152.71415175506314,160.1913685814169,397.2628601512821,416.7137133189231
10,NEX_CAT_240_H_85_P,DD027,2,9,1C,C/5,4.27408053,4.57780791,142.61858708953045,152.75343819773008,371.00076952130377,397.3650579135698
10,NEX_CAT_240_H_85_P,DD027,2,10,2C,C/5,3.48203521,4.27648589,116.18942094340849,142.69884974303775,302.2492752166919,371.20956072322707
10,NEX_CAT_240_H_85_P,DD027,2,11,5C,C/5,0.41853309,3.93106266,13.965716725982066,131.1726810934962,36.32970819577166,341.22596934233786
10,NEX_CAT_240_H_85_P,DD027,2,12,10C,C/5,2.6734e-05,0.42197264,0.0008920667920245076,14.080488489822415,0.002320577373955688,36.62826964959785
10,NEX_CAT_240_H_85_P,DD028,3,1,C/20,C/20,4.88160552,5.39151729,164.99312934992454,182.2276105631175,430.1556764200937,475.0879105877815
10,NEX_CAT_240_H_85_P,DD028,3,2,C/5,C/5,4.64799914,4.89976933,157.09747954487688,165.6070470129842,409.5708278506522,431.7562289319476
10,NEX_CAT_240_H_85_P,DD028,3,3,C/5,C/5,4.67352199,4.65833168,157.96012501554753,157.4467085232834,411.81984177874176,410.4813071416617
10,NEX_CAT_240_H_85_P,DD028,3,4,C/5,C/5,4.6900619,4.68488974,158.5191565675411,158.34434300253628,413.27730001555096,412.8215413570036
10,NEX_CAT_240_H_85_P,DD028,3,5,C/5,C/5,4.70472032,4.70064264,159.0145957375471,158.87677444475088,414.5689657481704,414.2096501108379
10,NEX_CAT_240_H_85_P,DD028,3,6,C/5,C/5,4.71693209,4.71493287,159.4273407123196,159.3597691802268,415.64503839744845,415.46887180064147
10,NEX_CAT_240_H_85_P,DD028,3,7,C/5,C/5,4.7472128,4.74654382,160.45079684398945,160.42818602399996,418.3133038357689,418.25435488071054
10,NEX_CAT_240_H_85_P,DD028,3,8,C/2,C/5,4.52075065,4.7382396,152.7966144946111,160.1475121270624,398.3579881270964,417.5226064105389
10,NEX_CAT_240_H_85_P,DD028,3,9,1C,C/5,4.21217229,4.52996748,142.3669906633787,153.1081336491507,371.166783792666,399.170153658878
10,NEX_CAT_240_H_85_P,DD028,3,10,2C,C/5,3.18661699,4.23779455,107.70430078089089,143.23299608743383,280.79724615380496,373.42455749776286
10,NEX_CAT_240_H_85_P,DD028,3,11,5C,C/5,0.14242144,3.87645132,4.813694792798931,131.01997517805285,12.549844637983734,341.5838360622317
10,NEX_CAT_240_H_85_P,DD028,3,12,10C,C/5,2.6337e-05,0.14685502,0.0008901628838884471,4.963545131058799,0.002320754924473292,12.940521352037964
11,NEX_CAT_240_H_85_M,DD053,1,1,C/20,C/20,4.93555324,5.39635263,166.84465626889678,182.42181896879046,470.55773690207536,514.4905459673174
11,NEX_CAT_240_H_85_M,DD053,1,2,C/5,C/5,4.70539236,4.94928989,159.06414797675106,167.30901893222736,448.61410109273095,471.86739493275564
11,NEX_CAT_240_H_85_M,DD053,1,3,C/5,C/5,4.72681037,4.71334188,159.78817633641955,159.33287872838258,450.6561032401023,449.37201169743093
11,NEX_CAT_240_H_85_M,DD053,1,4,C/5,C/5,4.74379721,4.73506483,160.36241053937079,160.06721547841963,452.27563576236076,451.44308695359354
11,NEX_CAT_240_H_85_M,DD053,1,5,C/5,C/5,4.75866645,4.75161959,160.86506001272136,160.6268433676356,453.6932754034749,453.02142478559654
11,NEX_CAT_240_H_85_M,DD053,1,6,C/5,C/5,4.77125348,4.76572414,161.2905601728202,161.10364276218075,454.8933281763063,454.3661585581416
11,NEX_CAT_240_H_85_M,DD053,1,7,C/5,C/5,4.79855657,4.7955583,162.21353160978288,162.11217613791862,457.4964163441554,457.21056001210593
11,NEX_CAT_240_H_85_M,DD053,1,8,C/2,C/5,4.58939407,4.79030322,155.1428662314791,161.93452999094575,437.5547749802016,456.7095384585345
11,NEX_CAT_240_H_85_M,DD053,1,9,1C,C/5,4.39516561,4.59037468,148.57704086793038,155.176015410594,419.03695131681525,437.6482667530476
11,NEX_CAT_240_H_85_M,DD053,1,10,2C,C/5,4.05436885,4.3982672,137.05652523070998,148.68188903636732,386.54524383618445,419.3326582214374
11,NEX_CAT_240_H_85_M,DD053,1,11,5C,C/5,2.20231007,4.41669364,74.44832397891021,149.3047884153353,209.96917510626452,421.08944281759784
11,NEX_CAT_240_H_85_M,DD053,1,12,10C,C/5,0.55070401,2.19446392,18.616357029582584,74.18308761408393,52.50435362510605,209.22111984115827
11,NEX_CAT_240_H_85_M,DD055,2,1,C/20,C/20,4.96703445,5.43697183,167.02103159167282,182.82310157552163,473.55916880083026,518.3631977040806
11,NEX_CAT_240_H_85_M,DD055,2,2,C/5,C/5,4.73946897,4.98747678,159.36893624044083,167.70842345076036,451.862979527055,475.5081492036443
11,NEX_CAT_240_H_85_M,DD055,2,3,C/5,C/5,4.76140917,4.75060463,160.10669533476877,159.74338289253805,453.95476749025795,452.92465806919773
11,NEX_CAT_240_H_85_M,DD055,2,4,C/5,C/5,4.77756327,4.77255241,160.64989157662993,160.48139687123054,455.494906228117,455.017168712812
11,NEX_CAT_240_H_85_M,DD055,2,5,C/5,C/5,4.79126803,4.78803853,161.11072654283726,161.0021316806604,456.8015238526867,456.49362195447407
11,NEX_CAT_240_H_85_M,DD055,2,6,C/5,C/5,4.80302592,4.80117439,161.506096242184,161.44383686916456,457.92252606664385,457.74600041202314
11,NEX_CAT_240_H_85_M,DD055,2,7,C/5,C/5,4.82857083,4.83003367,162.36506697473376,162.41425629450052,460.3579886084211,460.497456393769
11,NEX_CAT_240_H_85_M,DD055,2,8,C/2,C/5,4.61467162,4.82351541,155.17251232860204,162.19507389898024,439.9647473063089,459.87600272383776
11,NEX_CAT_240_H_85_M,DD055,2,9,1C,C/5,4.42948524,4.62126863,148.94545259392925,155.39434276418933,422.30899938089743,440.5937090346035
11,NEX_CAT_240_H_85_M,DD055,2,10,2C,C/5,4.13676491,4.43540713,139.10246640637527,149.14458150811916,394.4009191045658,422.8735948823701
11,NEX_CAT_240_H_85_M,DD055,2,11,5C,C/5,2.22795643,3.94307695,74.91705262481129,132.58953334506205,212.41430993402213,375.9346269401681
11,NEX_CAT_240_H_85_M,DD055,2,12,10C,C/5,0.61746324,2.23078111,20.762760627669223,75.01203504787792,58.86920689657539,212.68361612192837
11,NEX_CAT_240_H_85_M,DD058,3,1,C/20,C/20,4.96829184,5.46452784,166.62547690722644,183.26813052367228,473.67904889613715,520.990399371882
11,NEX_CAT_240_H_85_M,DD058,3,2,C/5,C/5,4.75187911,4.99055598,159.36747445762703,167.37216672837616,453.046167532345,475.8017214361807
11,NEX_CAT_240_H_85_M,DD058,3,3,C/5,C/5,4.77159586,4.76393367,160.02873047430467,159.77175763454014,454.9259708305592,454.19545438978963
11,NEX_CAT_240_H_85_M,DD058,3,4,C/5,C/5,4.78676147,4.78365995,160.53735136056062,160.43333326625776,456.37186651303386,456.07616628224133
11,NEX_CAT_240_H_85_M,DD058,3,5,C/5,C/5,4.79982118,4.7982731,160.9753450366769,160.9234258707749,457.61698479732115,457.4693901942603
11,NEX_CAT_240_H_85_M,DD058,3,6,C/5,C/5,4.80999013,4.81084358,161.31638904092682,161.34501185895888,458.5864967985067,458.6678650830801
11,NEX_CAT_240_H_85_M,DD058,3,7,C/5,C/5,4.8345116,4.83801273,162.1387846981868,162.25620482461082,460.9243841370925,461.25818335458405
11,NEX_CAT_240_H_85_M,DD058,3,8,C/2,C/5,4.61885967,4.83012832,154.90629779133596,161.9917792194551,440.36403776762154,460.50648036486854
11,NEX_CAT_240_H_85_M,DD058,3,9,1C,C/5,4.4321121,4.62729668,148.64319894074276,155.1892563735196,422.5594453261951,441.168425875452
11,NEX_CAT_240_H_85_M,DD058,3,10,2C,C/5,4.1435093,4.43922175,138.96410183143107,148.8816408157461,395.0439321044995,423.2372823692751
11,NEX_CAT_240_H_85_M,DD058,3,11,5C,C/5,2.5998343,3.94668066,87.19266984873119,132.36290627666253,247.86930360990115,376.2782061783188
11,NEX_CAT_240_H_85_M,DD058,3,12,10C,C/5,0.76122907,2.60363003,25.529932803704714,87.31997020503657,72.57590203672315,248.2311901162032
12,NEX_CAT_240_H_85_D,DD007,1,1,C/20,C/20,4.871634540068471,5.331376431056572,167.1107694117037,182.88120960008726,505.93367427171563,553.6792311707698
12,NEX_CAT_240_H_85_D,DD007,1,2,C/5,C/5,4.654158200715585,4.89334290710563,159.65071917616393,167.85542747018778,483.34811237642174,508.18815247758585
12,NEX_CAT_240_H_85_D,DD007,1,3,C/5,C/5,4.671279829239715,4.66666258570458,160.23803920042184,160.07965475812193,485.12624420414437,484.64672978911074
12,NEX_CAT_240_H_85_D,DD007,1,4,C/5,C/5,4.686418923355937,4.683001543375079,160.75735271730207,160.640126970322,486.69848396235454,486.34357893081375
12,NEX_CAT_240_H_85_D,DD007,1,5,C/5,C/5,4.697623187717101,4.697050795021067,161.14169050427813,161.12205582457193,487.86207999755203,487.802635320935
12,NEX_CAT_240_H_85_D,DD007,1,6,C/5,C/5,4.707561530485449,4.708125669078999,161.48260361938068,161.50195516015157,488.89420632632454,488.9527937899542
12,NEX_CAT_240_H_85_D,DD007,1,7,C/5,C/5,4.732183798221681,4.73521307275386,162.3272166691118,162.43112930739943,491.4513017492744,491.7659008806004
12,NEX_CAT_240_H_85_D,DD007,1,8,C/2,C/5,4.520502679964034,4.727279542463571,155.06595882002281,162.15898690015257,469.4675907271969,490.9419802649018
12,NEX_CAT_240_H_85_D,DD007,1,9,1C,C/5,4.336641403039827,4.529686830199805,148.75899979033525,155.38100100959372,450.3730526157141,470.4213919279294
12,NEX_CAT_240_H_85_D,DD007,1,10,2C,C/5,4.030147012200885,4.343893247693875,138.24537996680328,149.00775846256832,418.54270244773176,451.1261781592855
12,NEX_CAT_240_H_85_D,DD007,1,11,5C,C/5,1.411783468752967,3.869472507643112,48.42814455099013,132.73379245738465,146.61789420932575,401.8561793138435
12,NEX_CAT_240_H_85_D,DD007,1,12,10C,C/5,0.3174337410036724,1.415614827480602,10.888870308324401,48.559570933573085,32.96643407934021,147.01579215971228
12,NEX_CAT_240_H_85_D,DD008,2,1,C/20,C/20,4.853309282997583,5.340700300725288,166.79579484859573,183.54617432446295,504.03054205488115,554.647542648391
12,NEX_CAT_240_H_85_D,DD008,2,2,C/5,C/5,4.63843449403528,4.876647179642229,159.4110993494959,167.59785851154322,481.7151588721087,506.4542517363207
12,NEX_CAT_240_H_85_D,DD008,2,3,C/5,C/5,4.653193512970508,4.652356482795941,159.91832898415177,159.88956240342546,483.2479266971846,483.16099863470134
12,NEX_CAT_240_H_85_D,DD008,2,4,C/5,C/5,4.669651297101211,4.666993950104936,160.4839408224791,160.3926146203792,484.9571163186829,484.6811429634193
12,NEX_CAT_240_H_85_D,DD008,2,5,C/5,C/5,4.681715311809576,4.682963031833387,160.8985500725832,160.94143101030727,486.20999997357734,486.3395793931575
12,NEX_CAT_240_H_85_D,DD008,2,6,C/5,C/5,4.691994074394994,4.694509194037324,161.25180478509472,161.33824299774918,487.2774799085016,487.5386825318534
12,NEX_CAT_240_H_85_D,DD008,2,7,C/5,C/5,4.716964717886777,4.722063029860012,162.10998177037027,162.28519767942865,489.87075518537597,490.4002299823844
12,NEX_CAT_240_H_85_D,DD008,2,8,C/2,C/5,4.507775329086778,4.715166342540255,154.92067889593298,162.04817622123494,468.14581764670123,489.68398857977326
12,NEX_CAT_240_H_85_D,DD008,2,9,1C,C/5,4.32596128992478,4.521672052479226,148.67219659069468,155.39827364394435,449.2638912396932,469.5890335259819
12,NEX_CAT_240_H_85_D,DD008,2,10,2C,C/5,3.999738779904046,4.337800318728232,137.46076544472717,149.0790736521721,415.3847174701001,450.4934094420695
12,NEX_CAT_240_H_85_D,DD008,2,11,5C,C/5,1.374247756200366,3.872744131188475,47.229371434734794,133.09628501727153,142.7196992991884,402.1959471079022
12,NEX_CAT_240_H_85_D,DD008,2,12,10C,C/5,0.3037774948861863,1.383629512119554,10.440053530930493,47.55179832829761,31.548192477234835,143.69402243535052
12,NEX_CAT_240_H_85_D,DD009,3,1,C/20,C/20,4.829909614807278,5.307265266786374,166.94947035610735,183.44962866654072,501.6004172154892,551.175215356394
12,NEX_CAT_240_H_85_D,DD009,3,2,C/5,C/5,4.611652507208158,4.852187394945084,159.4052487409824,167.7195186367862,478.9337702255883,503.9140306581715
12,NEX_CAT_240_H_85_D,DD009,3,3,C/5,C/5,4.62845177509321,4.625058389903196,159.98592811170633,159.86863319205602,480.6784239462757,480.32601084482434
12,NEX_CAT_240_H_85_D,DD009,3,4,C/5,C/5,4.64283500183566,4.642095393839242,160.48309519725638,160.45753008877182,482.17216463922773,482.09535415845977
12,NEX_CAT_240_H_85_D,DD009,3,5,C/5,C/5,4.654380502466887,4.655706474973329,160.88217413849995,160.92800737872838,483.3711990716384,483.5089052432835
12,NEX_CAT_240_H_85_D,DD009,3,6,C/5,C/5,4.664218772759212,4.666684377453539,161.22224137484912,161.30746686158773,484.3929325774124,484.64899292677615
12,NEX_CAT_240_H_85_D,DD009,3,7,C/5,C/5,4.6886127538433,4.693934511831766,162.06543773806467,162.2493883185919,486.926319755469,487.4790000828919
12,NEX_CAT_240_H_85_D,DD009,3,8,C/2,C/5,4.479046175777916,4.686234413331517,154.82161083391387,161.98322860364294,465.16220999454276,486.6793220498943
12,NEX_CAT_240_H_85_D,DD009,3,9,1C,C/5,4.303174739211135,4.491971669355386,148.7424819211126,155.26839027265,446.8974404659923,466.5045607812528
12,NEX_CAT_240_H_85_D,DD009,3,10,2C,C/5,4.008427655748791,4.312490939209088,138.55432657299036,149.06450340379655,416.28708295857547,447.86495542559106
12,NEX_CAT_240_H_85_D,DD009,3,11,5C,C/5,1.499252219163046,3.838965229296817,51.822784250896696,132.6967299308746,155.701782977038,398.6879081106522
12,NEX_CAT_240_H_85_D,DD009,3,12,10C,C/5,0.3898366634835138,1.505839156533819,13.474998433601458,52.05046671144379,40.48569199923367,156.38585593012655
13,NEX_CAT_240_H_120_P,DD050,1,1,C/20,C/20,5.05921794,5.59079964,165.3069518854963,182.6760693157508,426.42357810593757,471.22871859562304
13,NEX_CAT_240_H_120_P,DD050,1,2,C/5,C/5,4.82926045,5.08544072,157.79322700035334,166.16376570201354,407.0412749790514,428.6338034427581
13,NEX_CAT_240_H_120_P,DD050,1,3,C/5,C/5,4.85615836,4.84125141,158.67210029004414,158.1850245214898,409.3084046346226,408.0519505674063
13,NEX_CAT_240_H_120_P,DD050,1,4,C/5,C/5,4.87545462,4.86827893,159.30259416503029,159.06813274122072,410.93481811015323,410.33000459125213
13,NEX_CAT_240_H_120_P,DD050,1,5,C/5,C/5,4.89281613,4.88714739,159.86987122885046,159.6846485044008,412.3981583543021,411.9203603185543
13,NEX_CAT_240_H_120_P,DD050,1,6,C/5,C/5,4.90806812,4.904125,160.36822097519251,160.23938186293265,413.6836946221934,413.35134299013436
13,NEX_CAT_240_H_120_P,DD050,1,7,C/5,C/5,4.94381926,4.94246978,161.53636831533882,161.49227485503013,416.69703170728565,416.5832888132243
13,NEX_CAT_240_H_120_P,DD050,1,8,C/2,C/5,4.70601798,4.93287314,153.76635223430213,161.17871032281266,396.65360327657214,415.7744219853615
13,NEX_CAT_240_H_120_P,DD050,1,9,1C,C/5,4.42598965,4.71781218,144.6165922866439,154.15172073889119,373.0510062218917,397.64769466076285
13,NEX_CAT_240_H_120_P,DD050,1,10,2C,C/5,3.88084509,4.43474424,126.80431643308383,144.90264333347966,327.1027002550239,373.7888996348508
13,NEX_CAT_240_H_120_P,DD050,1,11,5C,C/5,1.58879468,4.03763151,51.91292583902651,131.92721991235936,133.913881622834,340.31767280764336
13,NEX_CAT_240_H_120_P,DD050,1,12,10C,C/5,0.09194889,1.59368858,3.0043755606928433,52.07283112506612,7.750046576698624,134.3263711367553
13,NEX_CAT_240_H_120_P,DD051,2,1,C/20,C/20,5.07197737,5.58660016,165.68072378495904,182.49134222891217,427.4990253113592,470.8747592862946
13,NEX_CAT_240_H_120_P,DD051,2,2,C/5,C/5,4.82892508,5.08755645,157.7412011122087,166.189628510278,407.01300782845914,428.8121308379416
13,NEX_CAT_240_H_120_P,DD051,2,3,C/5,C/5,4.85432629,4.83820746,158.57095458916746,158.04441844238517,409.15398593710734,407.7953867929318
13,NEX_CAT_240_H_120_P,DD051,2,4,C/5,C/5,4.87095962,4.86396313,159.11429734334737,158.8857506755309,410.55595046572313,409.96624108072234
13,NEX_CAT_240_H_120_P,DD051,2,5,C/5,C/5,4.88680201,4.8800106,159.63180332774093,159.4099557834329,411.89124946048236,411.31882554300546
13,NEX_CAT_240_H_120_P,DD051,2,6,C/5,C/5,4.90016148,4.89550219,160.06820248678991,159.91600256884666,413.0172719142609,412.6245568470714
13,NEX_CAT_240_H_120_P,DD051,2,7,C/5,C/5,4.93412602,4.93239831,161.17768487594796,161.12124766765447,415.8800228072422,415.7344002448488
13,NEX_CAT_240_H_120_P,DD051,2,8,C/2,C/5,4.70625709,4.92116067,153.73414037714747,160.75416000282232,396.67375701238075,414.787219333669
13,NEX_CAT_240_H_120_P,DD051,2,9,1C,C/5,4.4486891,4.71194674,145.32044924763892,153.91999793551489,374.9642625403252,397.1533174780385
13,NEX_CAT_240_H_120_P,DD051,2,10,2C,C/5,3.83341501,4.45397931,125.22196514156096,145.49325873747588,323.104986643293,375.41015562180246
13,NEX_CAT_240_H_120_P,DD051,2,11,5C,C/5,0.64077634,4.04191505,20.93153814593558,132.03280734695372,54.008770309750055,340.67871723692525
13,NEX_CAT_240_H_120_P,DD051,2,12,10C,C/5,2.7389e-05,0.64415467,0.0008946864334582477,21.041894348014697,0.0023085218939478073,54.29351779122001
13,NEX_CAT_240_H_120_P,DD052,3,1,C/20,C/20,5.0617928,5.54043015,165.1662354287528,180.78416614197644,426.64060394418834,466.98325251610254
13,NEX_CAT_240_H_120_P,DD052,3,2,C/5,C/5,4.86292935,5.11781168,158.67732355530075,166.99413077890128,409.87910742255576,431.3622371164266
13,NEX_CAT_240_H_120_P,DD052,3,3,C/5,C/5,4.89077881,4.87357774,159.5860510849862,159.02478038713258,412.22643986056454,410.7766225362983
13,NEX_CAT_240_H_120_P,DD052,3,4,C/5,C/5,4.90905266,4.89927632,160.1823265807532,159.86332472945824,413.7666780149959,412.94266491000195
13,NEX_CAT_240_H_120_P,DD052,3,5,C/5,C/5,4.9260586,4.91644247,160.73723018915993,160.42345598815083,415.20004852203016,414.3895389510327
13,NEX_CAT_240_H_120_P,DD052,3,6,C/5,C/5,4.94112794,4.93263809,161.228942563913,160.95191886514468,416.47018986772895,415.75461045258663
13,NEX_CAT_240_H_120_P,DD052,3,7,C/5,C/5,4.97345152,4.96909017,162.28366057295125,162.14134977728074,419.19463004885176,418.8270272900008
13,NEX_CAT_240_H_120_P,DD052,3,8,C/2,C/5,4.75463132,4.95960258,155.1435601978891,161.8317698348557,400.7510496867342,418.02735190076424
13,NEX_CAT_240_H_120_P,DD052,3,9,1C,C/5,4.52331353,4.75445235,147.5956636182427,155.13772040903908,381.2540916862734,400.73596493872003
13,NEX_CAT_240_H_120_P,DD052,3,10,2C,C/5,4.10132108,4.52529578,133.8260552798974,147.6603444108225,345.68584129722393,381.42116852457633
13,NEX_CAT_240_H_120_P,DD052,3,11,5C,C/5,1.9608722,4.05774637,63.98323523453912,132.40421304040478,165.2749791863012,342.0130831805557
13,NEX_CAT_240_H_120_P,DD052,3,12,10C,C/5,0.22937672,1.96118717,7.484559489948919,63.99351270167942,19.33335207864237,165.301526893079
14,NEX_CAT_240_H_120_M,DD047,1,1,C/20,C/20,5.02532843,5.52656995,166.42558656134815,183.02538001502728,479.116941550905,526.9055204240925
14,NEX_CAT_240_H_120_M,DD047,1,2,C/5,C/5,4.5804192,5.29359317,151.69136956424975,175.3098052408082,436.6991070721009,504.6934155157616
14,NEX_CAT_240_H_120_M,DD047,1,3,C/5,C/5,4.82082521,4.80912855,159.65298078716506,159.26561834341157,459.61951791610545,458.504353396289
14,NEX_CAT_240_H_120_M,DD047,1,4,C/5,C/5,4.83775029,4.83301946,160.21349467313962,160.0568220956874,461.2331622137985,460.7821228773313
14,NEX_CAT_240_H_120_M,DD047,1,5,C/5,C/5,4.8515558,4.84933383,160.67069665138496,160.59711088167404,462.54938538605205,462.3375418248904
14,NEX_CAT_240_H_120_M,DD047,1,6,C/5,C/5,4.8640876,4.86292622,161.08571672315162,161.04725488918137,463.7441725072846,463.6334460460534
14,NEX_CAT_240_H_120_M,DD047,1,7,C/5,C/5,4.89117579,4.8929385,161.98280593282843,162.0411822259949,466.32677201808906,466.4948295362802
14,NEX_CAT_240_H_120_M,DD047,1,8,C/2,C/5,4.67055199,4.887301,154.67632918492092,161.85448313611283,445.2924054564316,465.95734789789236
14,NEX_CAT_240_H_120_M,DD047,1,9,1C,C/5,4.48309053,4.68193865,148.46810142971594,155.0534252485656,427.4197504399579,446.3780144449132
14,NEX_CAT_240_H_120_M,DD047,1,10,2C,C/5,4.15851248,4.49177884,137.71893486107663,148.7558352779844,396.47434164195886,428.24809759625435
14,NEX_CAT_240_H_120_M,DD047,1,11,5C,C/5,1.92244223,3.99847378,63.66620216264276,132.4188763890743,183.2864566716292,381.21618418183385
14,NEX_CAT_240_H_120_M,DD047,1,12,10C,C/5,0.48948682,1.92756268,16.210508878630453,63.83577792402401,46.667880795181844,183.77464254396318
14,NEX_CAT_240_H_120_M,DD048,2,1,C/20,C/20,5.00880665,5.4909114,166.03573469588002,182.0169098459776,477.5417480460743,523.5058191599624
14,NEX_CAT_240_H_120_M,DD048,2,2,C/5,C/5,4.78739421,5.04291926,158.69618663282844,167.16652545294465,456.432192212701,480.7940587356502
14,NEX_CAT_240_H_120_M,DD048,2,3,C/5,C/5,4.81202484,4.79942723,159.51266150076376,159.09506633730058,458.7804869119336,457.57942543741996
14,NEX_CAT_240_H_120_M,DD048,2,4,C/5,C/5,4.8295242,4.82376716,160.09274360361508,159.90190486040393,460.4488833081266,459.90000467549436
14,NEX_CAT_240_H_120_M,DD048,2,5,C/5,C/5,4.84443704,4.84051005,160.58708577308215,160.45691091999745,461.8706797917124,461.4962789014007
14,NEX_CAT_240_H_120_M,DD048,2,6,C/5,C/5,4.85743155,4.85488053,161.0178376797989,160.93327452743128,463.1095818803771,462.86636655280984
14,NEX_CAT_240_H_120_M,DD048,2,7,C/5,C/5,4.88443043,4.88533547,161.91281710104803,161.94281805573237,465.68366653794436,465.76995343497435
14,NEX_CAT_240_H_120_M,DD048,2,8,C/2,C/5,4.66659507,4.87950058,154.69184480810844,161.7493986814749,444.91515102723963,465.21365255036017
14,NEX_CAT_240_H_120_M,DD048,2,9,1C,C/5,4.47593566,4.67461332,148.37172158753395,154.95763986125255,426.73760210291994,445.67961437925794
14,NEX_CAT_240_H_120_M,DD048,2,10,2C,C/5,4.15358241,4.48262708,137.68611073542516,148.5935338700781,396.0043066794815,427.37556492061236
14,NEX_CAT_240_H_120_M,DD048,2,11,5C,C/5,1.93040781,3.98867625,63.99062718781823,132.21967584489562,184.04589844353325,380.2820835208044
14,NEX_CAT_240_H_120_M,DD048,2,12,10C,C/5,0.47984282,1.93316216,15.906194973056687,64.08193047776646,45.74841774939701,184.30849933944342
14,NEX_CAT_240_H_120_M,DD049,3,1,C/20,C/20,4.99514363,5.48208335,166.11726930084166,182.31081699278587,468.5578339641626,514.2340822113658
14,NEX_CAT_240_H_120_M,DD049,3,2,C/5,C/5,4.76975487,5.02246925,158.6217960741183,167.02600340592133,447.4157653855523,471.1210502132473
14,NEX_CAT_240_H_120_M,DD049,3,3,C/5,C/5,4.79433901,4.78070489,159.43936019387306,158.98594724892436,449.7218234774738,448.4429065516741
14,NEX_CAT_240_H_120_M,DD049,3,4,C/5,C/5,4.81319877,4.80476868,160.06655573877256,159.78620673692407,451.4909194132965,450.7001544217155
14,NEX_CAT_240_H_120_M,DD049,3,5,C/5,C/5,4.82774793,4.82273565,160.5503990291448,160.3837118769335,452.8556695387295,452.3855042674214
14,NEX_CAT_240_H_120_M,DD049,3,6,C/5,C/5,4.8408725,4.83705879,160.986866504485,160.86003870171663,454.08678931153787,453.72905311227527
14,NEX_CAT_240_H_120_M,DD049,3,7,C/5,C/5,4.86918996,4.86780404,161.92858499691917,161.8824951819063,456.74304280568754,456.61303980250113
14,NEX_CAT_240_H_120_M,DD049,3,8,C/2,C/5,4.6514969,4.86284189,154.6890380786368,161.71747514065854,436.3228514722442,456.1475768592854
14,NEX_CAT_240_H_120_M,DD049,3,9,1C,C/5,4.45256289,4.65839467,148.07333751823745,154.91842862304148,417.66230920723535,436.96988074903464
14,NEX_CAT_240_H_120_M,DD049,3,10,2C,C/5,4.12412728,4.45898915,137.15096356552766,148.28704764192756,386.8541704594215,418.26510958478735
14,NEX_CAT_240_H_120_M,DD049,3,11,5C,C/5,2.31789432,3.97525599,77.08332402172213,132.20013652152258,217.42468733317196,372.8896452427861
14,NEX_CAT_240_H_120_M,DD049,3,12,10C,C/5,0.58574652,2.32147748,19.479442356869896,77.20248471033439,54.94459038473055,217.76079732573828
15,NEX_CAT_240_H_120_D,DD016,1,1,C/20,C/20,4.67085801,5.51627074,158.18831484190846,186.81997412555202,476.5722188334332,562.8305079322556
15,NEX_CAT_240_H_120_D,DD016,1,2,C/5,C/5,3.47750821,7.08024256,117.7730434988756,239.78713051017365,354.81356960606485,722.4040849612784
15,NEX_CAT_240_H_120_D,DD016,1,3,C/5,C/5,3.48040354,7.93183197,117.87109986724104,268.6279759001869,355.1089829625405,809.2925867718385
15,NEX_CAT_240_H_120_D,DD016,1,4,C/5,C/5,4.77285915,4.7706644,161.64279545639275,161.56846568587605,486.97949507888256,486.75556258617024
15,NEX_CAT_240_H_120_D,DD016,1,5,C/5,C/5,4.78372884,4.78692066,162.0109201007884,162.11901771925545,488.0885401986959,488.41420472034486
15,NEX_CAT_240_H_120_D,DD016,1,6,C/5,C/5,4.79339272,4.79794298,162.33820748326966,162.4923114958411,489.0745553428685,489.5388228285909
15,NEX_CAT_240_H_120_D,DD016,1,7,C/5,C/5,4.81701054,4.82522371,163.1380740469804,163.41623012002492,491.4843046560164,492.322302437618
15,NEX_CAT_240_H_120_D,DD016,1,8,C/2,C/5,4.6038701,4.81582777,155.91963003603456,163.09801708255438,469.7373767475968,491.36362547414814
15,NEX_CAT_240_H_120_D,DD016,1,9,1C,C/5,4.4276085,4.62203548,149.95016459400145,156.53483838630143,451.75323301484156,471.59080826575
15,NEX_CAT_240_H_120_D,DD016,1,10,2C,C/5,4.13880267,4.44018467,140.16915488092332,150.37608273049932,422.28609123479595,453.0363919609056
15,NEX_CAT_240_H_120_D,DD016,1,11,5C,C/5,1.77681466,3.93508648,60.17552155300875,133.2698826844401,181.2901405178815,401.5007287868818
15,NEX_CAT_240_H_120_D,DD016,1,12,10C,C/5,0.39692559,1.78362028,13.442710111354952,60.40600801972418,40.498706818550794,181.98452459399627
15,NEX_CAT_240_H_120_D,DD017,2,1,C/20,C/20,4.90856361,5.36448839,165.69299822903028,181.08315098394405,500.8255540833165,547.3440060594974
15,NEX_CAT_240_H_120_D,DD017,2,2,C/5,C/5,4.73863164,4.98262151,159.95679109362646,168.1928895350219,483.48722870064523,508.381754175373
15,NEX_CAT_240_H_120_D,DD017,2,3,C/5,C/5,4.75840608,4.752887,160.6242951767405,160.43799364632886,485.5048341870061,484.9417170475238
15,NEX_CAT_240_H_120_D,DD017,2,4,C/5,C/5,4.7720438,4.7718817,161.08464873337047,161.07917690145652,486.89630411957825,486.87976489776776
15,NEX_CAT_240_H_120_D,DD017,2,5,C/5,C/5,4.78399222,4.78478202,161.48797844267006,161.51463885504296,488.1154131181312,488.1959971859039
15,NEX_CAT_240_H_120_D,DD017,2,6,C/5,C/5,4.79396445,4.79592053,161.82460007356084,161.8906293207556,489.1328895148965,489.33247027368213
15,NEX_CAT_240_H_120_D,DD017,2,7,C/5,C/5,4.81778934,4.82322825,162.6288307549224,162.8124260745719,491.56376638301236,492.1187036988515
15,NEX_CAT_240_H_120_D,DD017,2,8,C/2,C/5,4.60352796,4.81445884,155.39624434521107,162.51640671920705,469.7024678681998,491.2239522050976
15,NEX_CAT_240_H_120_D,DD017,2,9,1C,C/5,4.41971075,4.61452052,149.19132839200918,155.76730813684696,450.94741784485916,470.82404953448975
15,NEX_CAT_240_H_120_D,DD017,2,10,2C,C/5,4.13022084,4.4280507,139.41933500330538,149.4728509371719,421.41047871221554,451.79835111406805
15,NEX_CAT_240_H_120_D,DD017,2,11,5C,C/5,1.97683727,3.93439351,66.72992759223733,132.80900660157448,201.69864337976884,401.4300243788741
15,NEX_CAT_240_H_120_D,DD017,2,12,10C,C/5,0.51049168,1.98064092,17.232107751003493,66.85832323356708,52.08596624276467,202.08673351573205
15,NEX_CAT_240_H_120_D,DD018,3,1,C/20,C/20,5.00301085,5.46218024,167.61233084022675,182.99555786408683,510.4620985111557,557.3116012244044
15,NEX_CAT_240_H_120_D,DD018,3,2,C/5,C/5,4.78104859,5.02641077,160.17608637212524,168.39628179501528,487.8150716653357,512.8496152738254
15,NEX_CAT_240_H_120_D,DD018,3,3,C/5,C/5,4.79900339,4.79487354,160.77761332619332,160.63925388519382,489.64701749978224,489.2256448582385
15,NEX_CAT_240_H_120_D,DD018,3,4,C/5,C/5,4.81270781,4.81249025,161.23674280799594,161.22945404932824,491.0452928987009,491.0230950387558
15,NEX_CAT_240_H_120_D,DD018,3,5,C/5,C/5,4.82350403,4.82536894,161.59844092393425,161.66091968348104,492.1468418024351,492.33712039680086
15,NEX_CAT_240_H_120_D,DD018,3,6,C/5,C/5,4.83223682,4.83571609,161.89100940529949,162.00757292510923,493.03785692171226,493.39285024847806
15,NEX_CAT_240_H_120_D,DD018,3,7,C/5,C/5,4.85448773,4.86197973,162.63646589145043,162.8874650638098,495.3081390683885,496.0725551683547
15,NEX_CAT_240_H_120_D,DD018,3,8,C/2,C/5,4.63800236,4.85163704,155.38370979188912,162.54096124240436,473.21992467501696,495.0172803748471
15,NEX_CAT_240_H_120_D,DD018,3,9,1C,C/5,4.45896744,4.64930591,149.38562960723522,155.76240462567486,454.9528163856203,474.3732369556861
15,NEX_CAT_240_H_120_D,DD018,3,10,2C,C/5,4.15547189,4.46733138,139.21783304226543,149.66584076816198,423.98686808235055,455.8061973780323
15,NEX_CAT_240_H_120_D,DD018,3,11,5C,C/5,1.58031573,3.96424524,52.94419918533146,132.81130195803476,161.24116217856871,404.47582563672836
15,NEX_CAT_240_H_120_D,DD018,3,12,10C,C/5,0.41796466,1.58371372,14.002774123794453,53.05803963883993,42.64534374277875,161.58786242730392
16,NEX_CAT_240_H_145_P,DD029,1,1,C/20,C/20,4.95249722,5.47392019,165.2678117588389,182.6680099668643,436.4024874418229,482.34906166671533
16,NEX_CAT_240_H_145_P,DD029,1,2,C/5,C/5,4.71322713,4.96711596,157.2832249055745,165.75564790758315,415.31856597595106,437.69065666552325
16,NEX_CAT_240_H_145_P,DD029,1,3,C/5,C/5,4.73895984,4.72288915,158.141940919619,157.60565232585083,417.586072277069,416.16996061069915
16,NEX_CAT_240_H_145_P,DD029,1,4,C/5,C/5,4.75856484,4.74883564,158.7961715644031,158.4715023071099,419.31361908552475,418.45630470608955
16,NEX_CAT_240_H_145_P,DD029,1,5,C/5,C/5,4.77220493,4.76776608,159.25134957387073,159.10322247886438,420.5155519570651,420.1244108629201
16,NEX_CAT_240_H_145_P,DD029,1,6,C/5,C/5,4.78593458,4.78100492,159.70951625441958,159.5450105344315,421.72537664661957,421.29098652166306
16,NEX_CAT_240_H_145_P,DD029,1,7,C/5,C/5,4.82158723,4.8185624,160.8992666343105,160.7983262374086,424.86700489045984,424.6004639359778
16,NEX_CAT_240_H_145_P,DD029,1,8,C/2,C/5,4.57504475,4.80661256,152.67199575152193,160.3995528873312,403.14225740396336,423.54747194650787
16,NEX_CAT_240_H_145_P,DD029,1,9,1C,C/5,4.2609107,4.58112771,142.18915351331032,152.87498778635975,375.46149864319943,403.67827363114844
16,NEX_CAT_240_H_145_P,DD029,1,10,2C,C/5,3.57284115,4.26602359,119.22785867256549,142.35977372863343,314.83041702636297,375.91203456778425
16,NEX_CAT_240_H_145_P,DD029,1,11,5C,C/5,1.01137915,3.93549529,33.75033070266206,131.32984550479307,89.12036841220005,346.7866527891919
16,NEX_CAT_240_H_145_P,DD029,1,12,10C,C/5,2.6763e-05,1.01461397,0.0008930974111888156,33.85827859219843,0.0023582930494619255,89.40541319500693
16,NEX_CAT_240_H_145_P,DD030,2,1,C/20,C/20,4.95738464,5.46718499,164.7316647313776,181.67210135970004,436.8331554766397,481.755571574172
16,NEX_CAT_240_H_145_P,DD030,2,2,C/5,C/5,4.72992578,4.98192831,157.17330898803522,165.54723986046776,416.7900120107901,438.99588635020723
16,NEX_CAT_240_H_145_P,DD030,2,3,C/5,C/5,4.75357232,4.74063427,157.95907289021594,157.52914730048445,418.8736898841908,417.7336191376904
16,NEX_CAT_240_H_145_P,DD030,2,4,C/5,C/5,4.76947077,4.76440025,158.48737124213653,158.3188801402127,420.27462416406297,419.8278217849142
16,NEX_CAT_240_H_145_P,DD030,2,5,C/5,C/5,4.7837125,4.77977915,158.96061753265533,158.82991407901508,421.5295721471483,421.1829745323032
16,NEX_CAT_240_H_145_P,DD030,2,6,C/5,C/5,4.7966202,4.79371256,159.38953460552,159.29291503443113,422.66696852253745,422.41075407713384
16,NEX_CAT_240_H_145_P,DD030,2,7,C/5,C/5,4.82869989,4.82842663,160.45552829403206,160.4464479869804,425.49375587656704,425.46967684362244
16,NEX_CAT_240_H_145_P,DD030,2,8,C/2,C/5,4.58239784,4.8167763,152.27102181134543,160.05931275440543,403.79019452009635,424.44307697578483
16,NEX_CAT_240_H_145_P,DD030,2,9,1C,C/5,4.21173031,4.59203368,139.9539062931984,152.59121644612878,371.127837547402,404.63928223439325
16,NEX_CAT_240_H_145_P,DD030,2,10,2C,C/5,3.26492034,4.21872271,108.4918362968776,140.18626060421423,287.6971544620882,371.7439915032013
16,NEX_CAT_240_H_145_P,DD030,2,11,5C,C/5,0.61274743,3.94395737,20.361321852922284,131.0559317805297,53.99387233287216,347.5323115138488
16,NEX_CAT_240_H_145_P,DD030,2,12,10C,C/5,2.6816e-05,0.61727492,0.0008910836342601453,20.511768311875016,0.0023629632856694313,54.3928241767801
16,NEX_CAT_240_H_145_P,DD031,3,1,C/20,C/20,4.94042904,5.44808024,165.48003800753074,182.48385269455812,442.0365917250062,487.45783032923674
16,NEX_CAT_240_H_145_P,DD031,3,2,C/5,C/5,4.70318651,4.95727053,157.53358182659088,166.04414496721768,420.8097147626326,443.5434557602744
16,NEX_CAT_240_H_145_P,DD031,3,3,C/5,C/5,4.72752068,4.71335685,158.3486566599462,157.87423812103887,422.98697375819074,421.7196888547379
16,NEX_CAT_240_H_145_P,DD031,3,4,C/5,C/5,4.74313948,4.73800353,158.87180952717816,158.69978050007876,424.38443965901354,423.92490915773755
16,NEX_CAT_240_H_145_P,DD031,3,5,C/5,C/5,4.75753155,4.75304309,159.35387298185478,159.2035316804452,425.6721459531754,425.27054853229754
16,NEX_CAT_240_H_145_P,DD031,3,6,C/5,C/5,4.76969743,4.76694444,159.7613700369678,159.66915843223757,426.76066763560306,426.5143484785419
16,NEX_CAT_240_H_145_P,DD031,3,7,C/5,C/5,4.80391362,4.80223977,160.90744386493498,160.851378134737,429.82210377545204,429.6723388576547
16,NEX_CAT_240_H_145_P,DD031,3,8,C/2,C/5,4.54466256,4.75341281,152.2238103353473,159.21591547933326,406.62605055099453,425.3036286084143
16,NEX_CAT_240_H_145_P,DD031,3,9,1C,C/5,4.32789465,4.58801397,144.96315307356159,153.675869036403,387.23110582940154,410.50484515926075
16,NEX_CAT_240_H_145_P,DD031,3,10,2C,C/5,3.59585982,4.33363951,120.4435920171323,145.15557758638244,321.7335187459133,387.74511753036455
16,NEX_CAT_240_H_145_P,DD031,3,11,5C,C/5,0.88725327,3.92332243,29.718614244463662,131.41197648538594,79.38549633893065,351.03268585666586
16,NEX_CAT_240_H_145_P,DD031,3,12,10C,C/5,2.6638e-05,0.88972613,0.0008922417904912574,29.801442874016715,0.0023833903159088217,79.60675133467352
17,NEX_CAT_240_H_145_M,DD044,1,1,C/20,C/20,4.96289732,5.4406659,164.4578987021773,180.28994431313166,465.5330438307632,510.3490146141566
17,NEX_CAT_240_H_145_M,DD044,1,2,C/5,C/5,4.7834601,5.04014099,158.51180184636723,167.01755908544803,448.7013526195635,472.77870669524475
17,NEX_CAT_240_H_145_M,DD044,1,3,C/5,C/5,4.80863458,4.79818927,159.34602061310164,158.9998893870998,451.0627861825808,450.0829881645038
17,NEX_CAT_240_H_145_M,DD044,1,4,C/5,C/5,4.82707371,4.82145333,159.9570468701785,159.77080165390475,452.7924258992637,452.26521922135373
17,NEX_CAT_240_H_145_M,DD044,1,5,C/5,C/5,4.84220069,4.83889613,160.4583168308695,160.34881204793854,454.2113770863029,453.90140051896145
17,NEX_CAT_240_H_145_M,DD044,1,6,C/5,C/5,4.85490284,4.85340015,160.8792340417861,160.82943868559266,455.40287273318336,455.2619163916497
17,NEX_CAT_240_H_145_M,DD044,1,7,C/5,C/5,4.88319035,4.88433427,161.81661077036946,161.85451739372942,458.0563168372199,458.1636195930825
17,NEX_CAT_240_H_145_M,DD044,1,8,C/2,C/5,4.66495554,4.87800767,154.58485964555095,161.64486982803504,437.5853079046539,457.5701675901102
17,NEX_CAT_240_H_145_M,DD044,1,9,1C,C/5,4.4691268,4.67512089,148.09558916314347,154.92171370332784,419.2160482719071,438.5388449258681
17,NEX_CAT_240_H_145_M,DD044,1,10,2C,C/5,4.14199045,4.47727064,137.25511569751473,148.36545547860592,388.52978358747356,419.9799622478003
17,NEX_CAT_240_H_145_M,DD044,1,11,5C,C/5,2.26483581,3.98807194,75.0509458894152,132.15464452234843,212.4476571693835,374.09181563406935
17,NEX_CAT_240_H_145_M,DD044,1,12,10C,C/5,0.50312354,2.26987026,16.672245029643463,75.21777486344708,47.19433385317526,212.91990204599392
17,NEX_CAT_240_H_145_M,DD045,2,1,C/20,C/20,4.74242064,5.71887567,156.97208832342463,189.2923308426568,444.8517414954368,536.4458352212686
17,NEX_CAT_240_H_145_M,DD045,2,2,C/5,C/5,4.7937991,5.04784762,158.67269330414214,167.08159030992846,449.6711784752728,473.5016092036483
17,NEX_CAT_240_H_145_M,DD045,2,3,C/5,C/5,4.81744095,4.80514769,159.45522839498324,159.04832676373047,451.8888472446703,450.7357065735264
17,NEX_CAT_240_H_145_M,DD045,2,4,C/5,C/5,4.834094,4.82908175,160.0064372045532,159.8405338801912,453.45094787978195,452.9807854225541
17,NEX_CAT_240_H_145_M,DD045,2,5,C/5,C/5,4.84789781,4.84494028,160.4633373926647,160.3654444186709,454.74578218148406,454.4683579564105
17,NEX_CAT_240_H_145_M,DD045,2,6,C/5,C/5,4.86082831,4.85847543,160.89133139449282,160.81345207605804,455.9586976691761,455.7379912314761
17,NEX_CAT_240_H_145_M,DD045,2,7,C/5,C/5,4.8879392,4.88947336,161.7886902208509,161.83947025857913,458.50177166988124,458.64567998159373
17,NEX_CAT_240_H_145_M,DD045,2,8,C/2,C/5,4.67081524,4.88261032,154.60198030760884,161.61230657934735,438.134963438719,458.00190847170234
17,NEX_CAT_240_H_145_M,DD045,2,9,1C,C/5,4.4756268,4.68057397,148.14132669435375,154.92499008336853,419.8257656587056,439.0503584162687
17,NEX_CAT_240_H_145_M,DD045,2,10,2C,C/5,4.13462254,4.48372082,136.85423200521964,148.40923528340116,387.83865392110937,420.58500638533576
17,NEX_CAT_240_H_145_M,DD045,2,11,5C,C/5,1.91851718,3.99619123,63.502095467636025,132.27221504182194,179.962043310421,374.8534267542939
17,NEX_CAT_240_H_145_M,DD045,2,12,10C,C/5,0.44010423,1.92195966,14.567261174679938,63.61604007854925,41.28295400532169,180.28495714268348
17,NEX_CAT_240_H_145_M,DD046,3,1,C/20,C/20,5.01994187,5.50601502,165.84068690025762,181.89878222632402,470.88397520877857,516.4789368720005
17,NEX_CAT_240_H_145_M,DD046,3,2,C/5,C/5,4.79173925,5.04986908,158.30169935153558,166.8293734611656,449.47795903539634,473.69122755883564
17,NEX_CAT_240_H_145_M,DD046,3,3,C/5,C/5,4.81817335,4.80432259,159.17498621722396,158.71740730257196,451.9575483237613,450.65830998647294
17,NEX_CAT_240_H_145_M,DD046,3,4,C/5,C/5,4.83671227,4.82933132,159.7874449481831,159.5436051090623,453.6965486093716,453.0041957561268
17,NEX_CAT_240_H_145_M,DD046,3,5,C/5,C/5,4.85159932,4.84730867,160.27925912887568,160.13751160237524,455.09299372062384,454.69051927359817
17,NEX_CAT_240_H_145_M,DD046,3,6,C/5,C/5,4.86436033,4.86175088,160.7008366528284,160.61462988158704,456.29001059294853,456.04523720295134
17,NEX_CAT_240_H_145_M,DD046,3,7,C/5,C/5,4.89181382,4.8923824,161.6078004698037,161.6265842924454,458.86522139007167,458.91855571496177
17,NEX_CAT_240_H_145_M,DD046,3,8,C/2,C/5,4.6716644,4.8865533,154.3348614639396,161.4340119533537,438.2146169181304,458.3717705427483
17,NEX_CAT_240_H_145_M,DD046,3,9,1C,C/5,4.47797829,4.68077831,147.9361743163056,154.63595202113905,420.04634171068767,439.0695260548561
17,NEX_CAT_240_H_145_M,DD046,3,10,2C,C/5,4.1608978,4.48531284,137.46098403999463,148.17848126758193,390.30334359259444,420.73434211981737
17,NEX_CAT_240_H_145_M,DD046,3,11,5C,C/5,1.97680189,3.99354553,65.3063704308049,131.9322715309955,185.42930501373047,374.6052530173319
17,NEX_CAT_240_H_145_M,DD046,3,12,10C,C/5,0.49486919,1.98054764,16.34868461044034,65.43011643604633,46.420053743679766,185.7806663832075
18,NEX_CAT_240_H_145_D,DD010,1,1,C/20,C/20,4.955470702814473,5.432619418078906,166.86650704276366,182.9336264409063,505.6115307183929,554.2954816028456
18,NEX_CAT_240_H_145_D,DD010,1,2,C/5,C/5,4.730377289468644,4.974711966467404,159.28689374346217,167.51442177163693,482.6450292290845,507.57473569970557
18,NEX_CAT_240_H_145_D,DD010,1,3,C/5,C/5,4.748266989610496,4.742267814239773,159.88929701728594,159.68728564454574,484.4703328612253,483.8582311207153
18,NEX_CAT_240_H_145_D,DD010,1,4,C/5,C/5,4.763089724941217,4.759553622101065,160.38842580197476,160.2693539388024,485.9827110689591,485.621919031833
18,NEX_CAT_240_H_145_D,DD010,1,5,C/5,C/5,4.775166086334682,4.773945351159987,160.79507541497097,160.75396936736382,487.2148740532323,487.0903212473951
18,NEX_CAT_240_H_145_D,DD010,1,6,C/5,C/5,4.7848757609162,4.785412352595309,161.12203113302607,161.14009988664625,488.20556166342243,488.2603106381447
18,NEX_CAT_240_H_145_D,DD010,1,7,C/5,C/5,4.810142996955577,4.812460652663459,161.9728595756443,162.0509024368971,490.78360251101265,491.0200751935118
18,NEX_CAT_240_H_145_D,DD010,1,8,C/2,C/5,4.598003934191474,4.805832867722375,154.82946058618674,161.8277237745914,469.1388461030281,490.34383580268457
18,NEX_CAT_240_H_145_D,DD010,1,9,1C,C/5,4.412555628952711,4.606180624381216,148.58482454896483,155.1047958293874,450.2173738344807,469.9731218138496
18,NEX_CAT_240_H_145_D,DD010,1,10,2C,C/5,4.088522752356528,4.418498756436081,137.6736038946051,148.78494861053917,417.15598197803627,450.8237569541337
18,NEX_CAT_240_H_145_D,DD010,1,11,5C,C/5,1.352054389984343,3.931224943151727,45.527984508189014,132.37688486192536,137.9514340274973,401.10673239907715
18,NEX_CAT_240_H_145_D,DD010,1,12,10C,C/5,0.353432843829261,1.355942158387183,11.901211340122286,45.65889807270766,36.06109931659456,138.3481068465137
18,NEX_CAT_240_H_145_D,DD011,2,1,C/20,C/20,4.981607836737845,5.449087712099153,167.42514131558542,183.13651137112402,508.2783280993322,555.9757577758373
18,NEX_CAT_240_H_145_D,DD011,2,2,C/5,C/5,4.755808175717457,5.000237589644492,159.83631831017885,168.0512622619328,485.2397674678727,510.17914004010015
18,NEX_CAT_240_H_145_D,DD011,2,3,C/5,C/5,4.773673987389768,4.767745323458986,160.43676421880605,160.23750979554464,487.0626337360626,486.45772634685034
18,NEX_CAT_240_H_145_D,DD011,2,4,C/5,C/5,4.787395082894994,4.785452796691168,160.8979117898825,160.83263416209482,488.46261055311663,488.26443718886856
18,NEX_CAT_240_H_145_D,DD011,2,5,C/5,C/5,4.798428825196027,4.798639067140603,161.26874103307722,161.2758069821512,489.58839408992765,489.6098452815082
18,NEX_CAT_240_H_145_D,DD011,2,6,C/5,C/5,4.808232302905388,4.809148811587233,161.59822273751197,161.62902536200667,490.58865252515125,490.68216480387
18,NEX_CAT_240_H_145_D,DD011,2,7,C/5,C/5,4.831642288712394,4.835212148113956,162.38500088432417,162.50497905891584,492.9771963119712,493.3414325641295
18,NEX_CAT_240_H_145_D,DD011,2,8,C/2,C/5,4.61997219578478,4.827377021957036,155.27105366444513,162.24165100358928,471.38028935585675,492.5420069662096
18,NEX_CAT_240_H_145_D,DD011,2,9,1C,C/5,4.437017993023397,4.62903203225082,149.1222089027781,155.57554258656313,452.7132928065666,472.3046733464737
18,NEX_CAT_240_H_145_D,DD011,2,10,2C,C/5,4.099681360553636,4.444235897260135,137.7847782552549,149.36479295926006,418.2945057045557,453.4497426472736
18,NEX_CAT_240_H_145_D,DD011,2,11,5C,C/5,1.314026395863427,3.951763372209904,44.16266037591372,132.81345355182668,134.07140053104135,403.2022884375294
18,NEX_CAT_240_H_145_D,DD011,2,12,10C,C/5,0.3380256482378642,1.315253897336456,11.360587541065211,44.20391504997123,34.48908805586418,134.1966437089265
18,NEX_CAT_240_H_145_D,DD012,3,1,C/20,C/20,4.971572725587116,5.456327762935983,166.98120156682657,183.2627653837426,507.2544358771529,556.7144672558488
18,NEX_CAT_240_H_145_D,DD012,3,2,C/5,C/5,4.741631998474823,4.987624068586572,159.25813664921014,167.5203212154271,483.7933582153041,508.89217012900343
18,NEX_CAT_240_H_145_D,DD012,3,3,C/5,C/5,4.759466050033902,4.752710534545991,159.8571324846353,159.63023364283237,485.6129839680254,484.92371210436676
18,NEX_CAT_240_H_145_D,DD012,3,4,C/5,C/5,4.773850102872778,4.770440451267152,160.34025252712698,160.22573188075256,487.08060297133574,486.7327128775536
18,NEX_CAT_240_H_145_D,DD012,3,5,C/5,C/5,4.785218931972255,4.784142082482837,160.72209965040614,160.6859312925092,488.24057574247894,488.13070373407635
18,NEX_CAT_240_H_145_D,DD012,3,6,C/5,C/5,4.789528303598857,4.795449544378197,160.8668393720046,161.06571726330287,488.6802651514634,489.28441514926163
18,NEX_CAT_240_H_145_D,DD012,3,7,C/5,C/5,4.818482113903265,4.823327528615177,161.83931675520472,162.0020606624839,491.634450783078,492.128833193222
18,NEX_CAT_240_H_145_D,DD012,3,8,C/2,C/5,4.609718075429997,4.815283652676522,154.8275174891902,161.73188940207405,470.33405141002294,491.308108650558
18,NEX_CAT_240_H_145_D,DD012,3,9,1C,C/5,4.423148816242485,4.618139940850773,148.56117868774294,155.1103843574867,451.29820711187807,471.1933425898667
18,NEX_CAT_240_H_145_D,DD012,3,10,2C,C/5,4.075403131391738,4.432397671786229,136.88137523295202,148.8718218377192,415.8173741976118,452.2418769041765
18,NEX_CAT_240_H_145_D,DD012,3,11,5C,C/5,1.405966207407845,3.95095206189934,47.22246653800905,132.70141241893865,143.4521095770119,403.119509651696
18,NEX_CAT_240_H_145_D,DD012,3,12,10C,C/5,0.3456297816318935,1.412677926577789,11.608736192702036,47.44789438417296,35.264945235881086,144.13691285944074
