Lot_ID,믹싱_RPM,믹싱_온도,코팅_토출압력,건조로_1구간_온도,프레스_압력,프레스_Gap,최종_용량_mAh,전극_면저항_mOhmcm2,불량_여부
L25000,1774,24.9,116.4,115.0,41.0,93.5,3607.4,1428.4,0
L25001,1667,23.9,114.7,112.8,43.6,93.2,3603.1,1444.9,0
L25002,1810,24.4,123.5,117.9,41.1,90.8,3635.7,1445.3,0
L25003,1825,26.0,122.0,103.8,49.0,97.6,3598.3,1545.2,0
L25004,1594,25.0,108.8,108.9,45.7,96.4,3539.8,1483.1,0
L25005,1646,25.5,129.0,108.1,38.8,85.5,3661.8,1428.2,0
L25006,1760,26.0,119.2,102.1,38.7,85.1,3632.3,1332.4,0
L25007,1725,24.4,111.1,114.2,41.9,97.5,3559.2,1468.6,0
L25008,1749,26.1,129.5,108.9,36.6,90.1,3629.3,1428.9,0
L25009,1682,25.6,125.0,113.0,44.7,96.8,3601.8,1524.8,0
L25010,1820,23.1,109.9,119.4,41.4,99.7,3544.6,1521.3,0
L25011,1812,27.2,134.2,108.6,41.0,87.4,3659.6,1383.8,0
L25012,1755,24.2,125.3,108.3,42.7,86.5,3656.5,1385.1,0
L25013,1840,22.5,119.9,110.5,46.9,105.0,3552.4,1602.8,0
L25014,1787,23.4,132.7,113.9,40.7,97.1,3588.7,1548.7,0
L25015,1681,23.5,121.3,107.7,39.5,92.5,3599.0,1445.8,0
L25016,1780,25.1,119.8,107.5,46.0,89.4,3641.6,1516.7,0
L25017,1673,24.6,114.7,114.2,43.9,91.9,3588.0,1504.6,0
L25018,1820,24.5,124.7,111.5,38.7,87.9,3653.9,1380.0,0
L25019,1746,25.9,123.8,101.8,40.0,100.3,3575.6,1601.0,0
L25020,1735,25.5,120.1,105.1,40.8,90.3,3621.1,1469.9,0
L25021,1696,,113.7,116.0,41.4,101.6,3538.1,1663.5,0
L25022,1848,25.6,121.0,111.6,34.6,92.6,3610.3,1447.6,0
L25023,1738,25.9,119.4,107.0,33.8,88.7,3638.4,1475.4,0
L25024,1716,21.8,109.3,109.3,36.5,92.4,3583.3,1474.1,0
L25025,1722,24.5,108.2,110.1,36.1,79.3,3672.2,1385.9,0
L25026,1793,21.7,124.5,112.9,37.4,94.3,3608.8,1567.6,0
L25027,1779,25.1,99.2,104.6,42.5,94.0,3576.8,1519.3,0
L25028,1783,25.0,121.6,106.6,39.3,99.9,3590.1,1559.7,0
L25029,1784,26.6,116.2,111.1,40.8,83.7,3619.0,1393.9,0
L25030,1921,26.8,130.5,109.6,35.1,102.0,3581.0,1576.2,0
L25031,1717,25.3,116.1,112.3,38.2,99.9,3596.3,1652.2,0
L25032,1709,24.2,125.3,105.1,42.3,102.5,3589.6,1613.7,0
L25033,1685,25.7,116.8,111.4,42.4,94.7,3604.3,1481.6,0
L25034,1799,24.2,120.9,114.4,37.1,101.1,3567.2,1567.5,0
L25035,1840,25.0,125.9,111.9,40.6,86.2,3638.5,1341.2,0
L25036,1741,26.5,116.3,110.6,48.8,99.3,3571.7,1581.4,0
L25037,1683,24.2,128.0,109.6,39.9,90.4,3637.3,1405.0,0
L25038,1684,26.2,112.1,106.7,37.2,85.1,3628.7,1449.4,0
L25039,1802,26.0,122.4,109.7,39.3,88.3,3645.5,1355.6,0
L25040,1809,23.6,127.4,115.0,40.4,95.0,3637.4,1526.9,0
L25041,1793,26.5,125.3,109.5,39.4,90.1,3627.6,1500.1,0
L25042,1697,26.0,135.3,106.4,39.9,97.3,3583.5,1433.7,0
L25043,1769,25.2,113.9,108.0,34.2,84.2,3627.1,1478.6,0
L25044,1759,23.9,109.0,110.8,36.1,82.2,3662.6,1328.8,0
L25045,1767,23.7,112.0,108.5,39.4,103.2,3552.4,1611.8,0
L25046,1820,24.2,125.3,111.9,39.3,100.4,3591.4,1601.4,0
L25047,1768,25.8,124.0,112.1,37.7,88.7,3626.1,1469.1,0
L25048,1804,23.6,120.8,113.6,39.3,95.0,3612.9,1527.7,0
L25049,1755,25.7,111.0,115.7,40.2,101.1,3560.3,1646.1,0
L25050,1773,23.1,126.1,114.0,43.6,97.5,3582.8,1572.1,0
L25051,1801,24.7,110.2,106.3,39.6,95.9,3581.1,1613.7,0
L25052,1633,25.2,129.3,106.4,41.6,101.6,3559.4,1619.4,0
L25053,1724,28.7,142.9,109.7,37.8,90.6,3670.5,1546.8,0
L25054,1712,22.9,122.9,108.2,42.3,95.2,3600.3,1554.5,0
L25055,1699,27.2,124.7,105.4,41.5,94.9,3614.1,1426.6,0
L25056,1728,25.2,116.1,108.2,43.5,93.4,3596.5,1618.0,0
L25057,1870,25.6,105.5,108.1,42.9,92.7,3582.9,1450.8,0
L25058,1681,25.2,115.2,107.3,42.4,95.4,3590.2,1590.8,0
L25059,1827,25.7,111.3,108.7,39.6,95.2,3607.1,1508.9,0
L25060,1615,24.8,108.4,114.7,41.0,88.7,3612.2,1496.4,0
L25061,1723,27.2,133.8,110.8,44.3,99.8,3576.7,1526.5,0
L25062,1763,24.3,122.2,119.9,37.4,89.1,3632.3,1500.5,0
L25063,1797,26.7,123.0,110.7,37.5,93.7,3616.3,1474.4,0
L25064,1807,24.0,117.5,108.8,40.7,93.2,3630.1,1562.3,0
L25065,1813,24.9,118.6,110.0,41.7,97.1,3593.6,1547.8,0
L25066,1722,23.4,127.7,111.0,36.7,82.3,3677.3,1398.3,0
L25067,1713,25.7,119.7,111.7,39.7,100.3,3584.5,1462.9,0
L25068,1819,27.2,124.2,118.3,39.6,90.9,3606.6,1480.2,0
L25069,1735,24.9,118.4,106.6,31.1,102.3,3549.5,1621.9,0
L25070,1648,24.7,117.3,113.4,39.1,92.1,3595.6,1490.5,0
L25071,1659,23.3,108.7,110.8,39.4,94.7,3572.0,1547.9,0
L25072,1676,24.7,104.2,103.7,39.4,106.5,3542.2,1644.6,0
L25073,1790,22.6,117.9,113.1,45.7,93.3,3610.3,1494.8,0
L25074,1761,23.6,120.5,115.1,35.1,102.4,3565.9,1668.5,0
L25075,1805,25.3,109.7,106.6,36.7,95.2,3552.0,1402.6,0
L25076,1716,27.0,119.7,110.0,29.6,97.5,3617.6,1559.5,0
L25077,1763,29.2,120.4,103.1,38.1,95.4,3585.4,1515.9,0
L25078,1800,24.1,102.8,105.0,38.4,100.1,3589.8,1535.6,0
L25079,1725,27.2,112.7,114.2,38.0,90.9,3592.1,1484.2,0
L25080,1787,25.4,123.3,108.1,44.4,89.1,3619.5,1498.0,0
L25081,1697,24.8,123.1,105.6,43.4,91.2,3589.2,1523.7,0
L25082,1721,25.6,110.8,110.9,40.3,95.6,3594.1,1504.1,0
L25083,1719,25.1,121.3,107.9,38.5,93.7,3591.5,1536.2,0
L25084,1654,25.2,128.2,108.1,44.1,99.3,3571.3,1602.1,0
L25085,1789,24.4,126.2,113.0,39.9,102.8,3548.1,1601.4,0
L25086,1712,22.9,119.2,105.4,36.7,89.1,3638.7,1413.7,0
L25087,1751,22.7,116.3,106.4,33.1,90.6,3628.1,1429.9,0
L25088,1788,26.0,115.0,110.6,38.2,86.4,3663.1,1440.9,0
L25089,1786,24.6,123.7,113.9,43.0,107.2,3535.0,1659.6,0
L25090,1803,24.1,121.6,115.0,49.1,96.8,3595.8,1489.4,0
L25091,1742,25.0,125.0,107.3,40.2,97.9,3572.0,1460.9,0
L25092,1716,26.2,121.1,113.7,36.9,87.0,3634.7,1460.1,0
L25093,1744,25.3,126.6,106.9,35.3,95.0,3598.4,1485.1,0
L25094,1615,24.0,120.8,117.3,42.2,98.1,3592.7,1582.4,0
L25095,1634,26.8,126.3,105.5,32.9,93.5,3627.7,1561.9,0
L25096,1644,27.4,127.0,115.3,42.2,101.5,3589.7,1533.3,0
L25097,1670,25.7,113.6,107.4,43.3,108.9,3515.4,1674.7,1
L25098,1782,26.5,105.5,118.1,41.7,89.3,3628.7,1455.5,0
L25099,1678,26.9,132.3,112.4,39.1,88.9,3639.9,1454.9,0
L25100,1720,26.7,122.1,105.9,42.3,89.7,3622.4,1515.0,0
L25101,1854,25.9,106.3,107.9,40.7,104.6,3531.1,1557.5,1
L25102,1721,25.9,114.3,113.1,36.9,101.3,3556.7,1616.0,0
L25103,1809,25.8,126.2,114.2,47.4,94.2,3634.7,1558.7,0
L25104,1675,23.4,117.8,109.7,38.6,95.2,3601.4,1494.4,0
L25105,1734,26.1,115.9,110.2,43.1,90.1,3622.4,1435.1,0
L25106,1674,23.0,131.2,113.0,30.3,100.3,3580.7,1597.1,0
L25107,1723,23.8,111.6,110.5,45.1,92.7,3638.9,1492.0,0
L25108,1817,27.0,113.6,104.8,45.9,93.4,3620.7,1531.1,0
L25109,1612,26.3,121.7,106.7,40.1,98.7,3573.5,1584.9,0
L25110,1785,27.2,123.1,110.9,42.2,93.9,3604.3,1441.1,0
L25111,1769,24.6,124.0,114.9,42.2,93.6,3607.2,1552.0,0
L25112,1702,23.3,127.3,116.5,37.4,95.1,3608.4,1585.0,0
L25113,1634,24.6,121.6,113.1,42.2,99.8,3568.4,1579.0,0
L25114,1756,25.2,123.9,111.1,36.8,104.9,3562.5,1548.4,0
L25115,1708,25.1,117.9,113.0,37.6,98.5,3602.3,1548.4,0
L25116,1769,26.7,120.5,107.3,44.5,99.8,3558.3,1578.2,0
L25117,1752,24.5,120.9,109.4,43.9,93.8,3590.2,1430.8,0
L25118,1878,25.5,121.7,106.7,37.2,90.8,3614.9,1444.2,0
L25119,1731,23.5,126.2,105.0,37.1,98.9,3580.4,1496.6,0
L25120,1668,25.7,124.4,111.3,37.4,96.0,3628.0,1548.0,0
L25121,1764,25.0,120.4,110.7,42.9,86.5,3655.8,1408.8,0
L25122,1768,23.9,113.5,112.8,36.0,93.0,3617.3,1405.1,0
L25123,1859,24.6,120.5,112.2,41.4,94.5,3599.0,1520.3,0
L25124,1817,24.7,119.8,111.0,43.0,91.9,3610.3,1464.3,0
L25125,1779,24.6,121.5,112.2,39.6,103.9,3537.7,1641.4,0
L25126,1867,27.7,137.7,109.8,44.0,97.9,3613.4,1515.7,0
L25127,1655,24.9,115.8,111.7,38.8,103.2,3563.8,1565.4,0
L25128,1699,24.6,123.4,107.1,39.1,96.6,3614.1,1492.0,0
L25129,1676,21.9,128.5,111.5,36.1,95.5,3602.3,1484.9,0
L25130,1719,23.7,120.8,112.7,44.1,89.4,3625.6,1444.2,0
L25131,1640,24.6,138.7,107.3,36.9,95.1,3619.0,1519.0,0
L25132,1801,24.0,117.0,110.2,41.4,95.1,3609.8,1492.2,0
L25133,1732,27.1,122.6,107.5,39.7,86.8,3620.4,1390.4,0
L25134,1632,24.8,113.6,107.9,35.8,91.8,3620.5,1452.0,0
L25135,1669,26.9,117.2,105.5,37.6,93.1,3606.5,1620.1,0
L25136,1775,25.1,122.0,115.1,45.5,97.5,3574.5,1511.5,0
L25137,1817,25.1,126.8,114.3,40.8,97.8,3562.6,1522.4,0
L25138,1910,24.9,122.6,112.1,36.0,91.5,3617.1,1631.4,0
L25139,1983,25.0,130.1,117.9,41.2,97.8,3616.6,1586.4,0
L25140,1783,27.6,119.2,109.2,39.4,93.9,3628.8,1420.9,0
L25141,1671,21.5,117.3,122.1,52.0,77.8,3685.4,1384.0,0
L25142,1579,22.0,141.6,109.1,41.1,92.1,3661.9,1423.2,0
L25143,1771,24.2,123.2,111.0,38.5,101.5,3571.1,1627.2,0
L25144,1685,25.0,114.2,108.4,45.7,84.9,3657.1,1374.7,0
L25145,1717,26.0,114.4,111.5,32.6,95.7,3585.2,1492.1,0
L25146,1701,25.7,112.5,113.3,40.4,104.5,3540.1,1708.0,0
L25147,1739,24.4,127.5,109.5,48.0,90.4,3618.8,1475.4,0
L25148,1835,26.5,117.1,117.1,39.5,95.0,3567.4,1577.2,0
L25149,1763,,121.0,111.0,33.1,87.2,3657.1,1431.7,0
L25150,1737,25.3,119.5,111.1,38.4,104.8,3543.4,1599.3,0
L25151,1667,26.4,125.9,106.4,45.8,94.5,3596.0,1539.1,0
L25152,1616,25.4,113.2,111.7,41.5,95.3,3575.5,1570.5,0
L25153,1711,24.2,111.4,109.5,36.6,103.1,3550.3,1606.4,0
L25154,1746,26.0,121.8,107.6,37.3,99.0,3608.1,1647.4,0
L25155,1891,25.2,124.8,9999.0,37.8,89.7,3659.9,1491.9,0
L25156,1760,25.0,122.7,120.7,41.4,91.1,3597.0,1506.7,0
L25157,1829,27.2,113.5,108.9,45.4,98.0,3574.8,1552.4,0
L25158,1710,21.3,125.4,104.2,44.2,91.3,3607.9,1485.2,0
L25159,1655,22.9,114.0,107.2,41.8,82.3,3670.0,1296.2,0
L25160,1673,23.2,115.8,109.8,34.7,94.7,3601.9,1492.5,0
L25161,1692,24.5,112.4,9999.0,34.7,86.1,3626.6,1413.2,0
L25162,1920,24.6,130.4,112.2,42.1,104.7,3563.9,1604.4,0
L25163,1684,22.7,125.1,112.7,34.6,96.1,3592.5,1540.4,0
L25164,1817,23.5,124.8,107.4,39.1,89.6,3653.8,1446.2,0
L25165,1678,23.7,130.0,111.4,41.2,90.8,3637.0,1493.8,0
L25166,1825,28.7,142.5,106.5,35.4,83.7,3684.4,1411.1,0
L25167,1781,27.7,106.3,107.5,35.9,88.4,3580.7,1439.1,0
L25168,1737,24.4,114.1,106.3,39.6,101.1,3564.4,1519.5,0
L25169,1747,24.5,115.1,105.2,42.0,108.4,3561.5,1769.2,0
L25170,1698,23.3,113.2,114.3,44.2,99.4,3592.2,1562.2,0
L25171,1786,22.1,111.4,112.8,42.4,94.4,3568.1,1500.3,0
L25172,1714,24.8,117.6,113.9,40.3,92.4,3605.7,1467.4,0
L25173,1652,23.5,110.3,110.2,37.0,89.3,3601.4,1407.3,0
L25174,1648,24.9,122.7,113.1,35.7,107.4,3567.9,1737.9,0
L25175,1764,22.6,120.4,103.0,38.0,93.9,3609.4,1583.9,0
L25176,1876,23.9,123.8,113.5,41.6,107.7,3531.4,1688.4,1
L25177,1763,25.2,124.1,110.7,41.3,103.4,3564.0,1597.8,0
L25178,1741,25.5,124.8,112.5,31.6,84.6,3616.7,1415.7,0
L25179,1773,25.6,117.0,111.5,36.9,91.0,3600.8,1461.8,0
L25180,1854,23.0,137.0,106.1,44.8,91.0,3635.1,1458.1,0
L25181,1768,26.3,121.9,104.0,40.3,94.5,3616.2,1535.1,0
L25182,1717,23.8,105.1,107.2,34.3,94.6,3560.2,1485.0,0
L25183,1839,25.9,112.0,112.3,49.4,113.0,3501.0,1737.4,1
L25184,1784,25.0,106.1,112.8,39.9,88.5,3633.1,1443.7,0
L25185,1873,22.9,120.1,104.5,41.5,96.4,3572.5,1568.5,0
L25186,1765,24.5,119.0,106.1,41.6,98.7,3584.7,1529.1,0
L25187,1652,25.5,116.3,107.1,38.5,95.0,3597.6,1547.0,0
L25188,1641,25.9,136.1,108.6,37.1,95.7,3636.2,1468.3,0
L25189,1882,24.8,124.4,104.6,48.5,88.7,3630.7,1417.9,0
L25190,1888,27.3,125.8,104.3,44.0,95.6,3599.7,1504.0,0
L25191,1736,26.5,112.6,106.7,43.3,98.1,3591.0,1496.4,0
L25192,1719,24.6,112.0,110.3,42.3,97.0,3564.1,1575.8,0
L25193,1867,26.1,120.3,105.3,36.0,98.4,3580.6,1511.5,0
L25194,1661,27.9,121.4,109.5,45.1,103.5,3554.0,1568.6,0
L25195,1678,27.9,105.1,114.2,36.6,100.6,3557.6,1647.2,0
L25196,1801,23.2,118.6,104.8,41.1,95.4,3609.0,1497.4,0
L25197,1718,23.6,120.1,109.2,33.4,88.0,3641.9,1409.5,0
L25198,1750,27.2,118.3,114.1,31.8,91.4,3604.9,1422.6,0
L25199,1737,23.4,113.5,108.3,41.3,93.7,3602.5,1532.5,0
L25200,1777,23.0,115.7,107.7,36.8,96.5,3610.5,1569.7,0
L25201,1863,24.3,118.6,114.7,32.0,92.1,3600.4,1521.1,0
L25202,1757,25.6,120.7,108.8,42.2,89.4,3629.7,1464.4,0
L25203,1802,24.8,124.8,114.4,48.5,87.9,3635.8,1435.8,0
L25204,1586,24.0,128.6,111.7,45.6,85.1,3654.4,1361.8,0
L25205,1746,24.0,117.6,108.6,39.0,93.6,3581.0,1447.8,0
L25206,1683,23.9,116.4,111.9,40.0,86.2,3659.5,1466.4,0
L25207,1652,23.7,123.5,111.3,43.6,89.0,3620.7,1471.3,0
L25208,1680,28.4,124.9,114.1,44.5,92.6,3630.6,1453.3,0
L25209,1723,25.4,116.5,107.8,38.6,87.0,3626.3,1414.6,0
L25210,1823,26.3,126.3,110.2,40.1,97.3,3585.7,1513.0,0
L25211,1644,24.3,127.8,109.8,41.2,99.4,3603.3,1497.9,0
L25212,1752,24.7,130.3,112.8,42.2,91.7,3639.5,1480.6,0
L25213,1711,23.9,134.2,105.9,39.5,92.4,3628.4,1464.2,0
L25214,1724,21.0,113.1,114.1,39.5,98.2,3589.3,1507.3,0
L25215,1830,22.9,120.1,111.9,45.5,90.7,3616.5,1382.1,0
L25216,1793,22.3,120.1,104.7,44.8,90.3,3622.5,1386.5,0
L25217,1857,21.6,119.2,114.8,41.9,102.2,3555.2,1586.9,0
L25218,1738,23.2,114.8,118.9,46.9,100.3,3583.0,1595.2,0
L25219,1694,27.0,108.1,114.0,38.5,98.6,3561.9,1515.6,0
L25220,1732,24.9,120.7,115.7,46.5,100.6,3595.5,1622.0,0
L25221,1769,26.9,113.9,110.3,42.2,83.1,3646.8,1355.7,0
L25222,1764,25.6,120.7,103.4,52.0,103.1,3561.9,1652.9,0
L25223,1663,26.2,113.6,102.6,35.2,97.4,3594.0,1548.6,0
L25224,1757,23.6,111.2,111.0,37.2,101.1,3563.3,1537.5,0
L25225,1768,25.8,121.9,107.6,41.7,97.3,3586.2,1543.1,0
L25226,1951,26.1,121.2,106.3,41.6,95.3,3599.2,1455.0,0
L25227,1900,24.1,124.6,109.7,47.8,93.3,3625.1,1508.2,0
L25228,1682,25.8,137.5,112.5,37.3,97.2,3595.6,1489.4,0
L25229,1727,25.8,122.2,104.2,43.6,93.1,3609.1,1546.7,0
L25230,1633,24.2,123.9,9999.0,44.6,100.2,3578.6,1552.7,0
L25231,1703,23.3,111.4,116.0,42.8,85.5,3650.5,1463.1,0
L25232,1775,23.2,109.7,105.7,36.2,91.8,3604.9,1422.1,0
L25233,1846,25.1,132.7,113.5,45.6,107.3,3578.7,1627.3,0
L25234,1692,25.5,112.6,108.1,44.9,91.2,3609.1,1481.7,0
L25235,1698,23.8,111.6,112.2,42.4,93.6,3595.9,1550.1,0
L25236,1578,25.0,119.7,114.4,40.8,89.7,3622.7,1537.3,0
L25237,1737,25.9,119.3,113.0,40.9,97.0,3570.6,1538.1,0
L25238,1665,25.9,112.8,113.6,39.7,90.6,3599.7,1553.4,0
L25239,1708,27.3,117.6,105.4,42.6,93.9,3595.5,1490.6,0
L25240,1680,26.9,129.8,114.5,40.1,100.1,3600.9,1633.9,0
L25241,1742,23.5,113.6,106.6,36.6,90.8,3613.8,1416.2,0
L25242,1609,27.5,108.9,111.0,35.8,99.7,3560.2,1581.9,0
L25243,1633,24.2,127.5,111.0,37.0,99.9,3600.9,1446.2,0
L25244,1920,26.6,123.9,111.9,40.9,101.3,3595.7,1527.6,0
L25245,1647,25.1,115.0,111.3,39.9,95.8,3609.7,1538.8,0
L25246,1662,24.4,107.3,106.6,40.9,114.4,3482.9,1681.2,0
L25247,1897,22.3,114.0,104.6,42.0,101.3,3557.1,1618.9,0
L25248,1982,24.7,119.6,113.5,37.5,96.9,3616.5,1582.7,0
L25249,1656,22.7,129.3,110.7,45.9,89.7,3637.1,1414.8,0
L25250,1721,26.5,111.7,114.6,38.9,94.4,3591.5,1463.0,0
L25251,1777,27.3,119.3,109.8,38.3,103.6,3568.7,1579.7,0
L25252,1888,23.8,125.4,104.4,41.9,105.3,3570.2,1597.3,0
L25253,1671,25.5,100.9,113.9,32.7,103.9,3532.0,1616.8,1
L25254,1730,23.9,128.3,108.5,36.8,99.7,3588.0,1567.6,0
L25255,1812,24.1,110.5,111.4,43.9,87.5,3641.1,1399.8,0
L25256,1785,26.2,122.7,107.4,33.1,97.9,3571.5,1629.2,0
L25257,1720,24.9,122.0,116.6,44.5,87.6,3637.7,1401.0,0
L25258,1739,27.6,128.7,106.5,46.0,86.1,3634.5,1476.5,0
L25259,1640,24.3,124.4,108.7,38.5,96.4,3582.8,1470.6,0
L25260,1731,26.5,101.0,110.4,41.2,98.1,3559.7,1543.0,0
L25261,1729,25.1,113.7,105.6,44.5,100.4,3575.3,1641.7,0
L25262,1769,26.2,121.1,111.3,38.1,98.0,3582.0,1597.6,0
L25263,1706,24.3,118.4,116.4,43.5,98.2,3573.9,1543.1,0
L25264,1788,24.9,123.8,108.0,37.3,89.1,3632.5,1464.7,0
L25265,1831,24.8,126.3,111.6,38.1,94.4,3592.1,1519.8,0
L25266,1762,23.7,124.9,99.0,36.8,86.0,3654.0,1408.5,0
L25267,1778,26.0,118.3,109.8,41.4,83.0,3672.6,1387.2,0
L25268,1754,26.0,105.2,108.7,44.6,99.4,3564.2,1651.5,0
L25269,1750,25.9,116.4,106.7,39.3,90.5,3615.5,1482.5,0
L25270,1692,27.3,123.3,114.3,34.9,100.2,3583.3,1608.4,0
L25271,1775,27.2,111.3,108.7,35.7,101.7,3530.8,1618.6,0
L25272,1742,24.4,125.1,109.3,41.6,91.3,3630.2,1385.2,0
L25273,1917,25.6,127.3,108.5,47.4,98.5,3634.5,1571.5,0
L25274,1876,24.1,121.0,102.3,41.6,91.0,3618.2,1432.2,0
L25275,1781,25.0,95.5,105.5,38.5,83.9,3629.4,1355.7,0
L25276,1689,24.1,109.8,113.8,43.1,95.7,3598.0,1632.4,0
L25277,1661,27.4,135.1,101.6,39.0,92.2,3651.0,1487.2,0
L25278,1845,25.5,115.6,106.9,38.5,92.4,3622.9,1443.6,0
L25279,1771,24.7,104.1,108.4,36.2,106.9,3497.6,1706.2,1
L25280,1788,26.8,129.9,117.0,45.6,85.8,3661.0,1370.7,0
L25281,1610,21.7,120.1,113.1,29.8,97.3,3626.4,1517.5,0
L25282,1824,22.0,128.8,107.8,43.2,89.0,3645.6,1499.7,0
L25283,1786,26.2,122.2,115.2,38.1,100.4,3559.1,1588.4,0
L25284,1661,25.1,123.7,107.0,38.4,96.8,3598.8,1455.3,0
L25285,1712,25.4,122.9,114.0,46.8,97.3,3573.1,1570.7,0
L25286,1771,23.0,125.6,104.6,37.1,89.3,3650.1,1433.9,0
L25287,1754,25.0,138.2,114.3,37.3,90.4,3624.6,1539.0,0
L25288,1727,28.0,127.8,108.4,39.5,100.6,3581.4,1543.0,0
L25289,1742,26.2,107.4,105.9,41.7,105.6,3525.2,1696.5,1
L25290,1730,25.3,123.6,109.1,38.2,97.9,3581.5,1626.8,0
L25291,1762,24.3,129.1,111.1,33.7,89.6,3655.6,1397.3,0
L25292,1868,24.4,129.6,108.0,36.5,97.0,3600.4,1522.7,0
L25293,1545,21.8,116.6,112.2,45.1,109.6,3518.9,1703.1,1
L25294,1731,25.4,129.3,107.7,40.3,95.6,3588.8,1473.8,0
L25295,1764,26.3,127.4,112.5,41.8,103.8,3537.4,1628.7,0
L25296,1774,22.6,140.6,111.8,39.0,90.6,3621.7,1442.5,0
L25297,1720,24.0,114.0,109.8,37.4,94.7,3597.4,1485.7,0
L25298,1609,23.3,115.9,108.2,46.7,98.7,3592.7,1554.1,0
L25299,1776,23.6,117.6,110.6,39.2,97.4,3578.2,1534.6,0
L25300,1888,25.1,116.1,112.2,38.2,90.4,3641.3,1461.8,0
L25301,1627,21.9,112.9,118.2,44.4,90.1,3606.5,1444.8,0
L25302,1819,25.9,97.9,113.8,37.1,100.9,3548.2,1558.4,0
L25303,1724,26.1,116.5,113.9,37.6,102.1,3546.9,1595.5,0
L25304,1745,24.6,123.0,122.4,40.0,104.1,3573.5,1656.1,0
L25305,1666,21.3,116.1,112.1,40.0,105.8,3574.9,1616.2,0
L25306,1723,23.5,135.5,111.9,41.0,95.8,3584.5,1533.6,0
L25307,1854,26.8,120.1,112.8,48.4,93.1,3604.0,1398.1,0
L25308,1797,20.8,130.3,106.0,41.3,103.1,3588.7,1576.9,0
L25309,1889,24.5,122.1,108.2,30.5,99.3,3560.4,1544.4,0
L25310,1844,23.2,126.6,108.0,41.3,89.1,3642.5,1394.6,0
L25311,1785,26.2,122.2,112.6,40.2,88.8,3649.5,1517.4,0
L25312,1890,24.0,131.0,109.3,40.2,98.0,3596.8,1539.1,0
L25313,1785,25.6,120.4,110.6,41.0,93.9,3613.5,1498.3,0
L25314,1816,25.8,124.0,114.3,39.9,94.8,3629.9,1491.3,0
L25315,1726,27.8,122.9,113.5,39.8,101.4,3600.0,1590.2,0
L25316,1755,24.7,117.7,109.4,42.5,99.6,3575.2,1496.5,0
L25317,1694,25.6,123.2,107.3,37.8,103.0,3556.9,1598.0,0
L25318,1829,22.8,137.9,114.5,36.2,83.4,3658.4,1332.2,0
L25319,1656,26.8,117.8,113.1,52.0,96.5,3604.9,1516.8,0
L25320,1813,23.9,123.4,103.6,37.1,99.2,3563.1,1447.7,0
L25321,1735,24.2,130.1,108.7,40.4,85.8,3649.4,1338.7,0
L25322,1844,25.0,129.1,110.7,34.0,91.1,3628.6,1528.7,0
L25323,1810,22.7,120.1,113.1,40.5,90.0,3617.0,1493.5,0
L25324,1896,25.3,100.9,113.6,36.3,95.1,3586.3,1582.1,0
L25325,1808,26.5,124.1,111.1,38.2,104.8,3594.0,1691.1,0
L25326,1624,25.4,102.2,112.3,44.2,107.1,3524.0,1688.6,1
L25327,1745,22.6,131.8,110.3,41.9,90.1,3627.7,1419.8,0
L25328,1656,24.8,121.4,107.3,42.3,98.2,3600.8,1496.8,0
L25329,1709,26.1,128.0,109.0,32.9,98.4,3594.6,1601.8,0
L25330,1871,22.2,112.8,110.1,47.3,97.3,3603.2,1531.4,0
L25331,1801,23.4,107.6,109.9,35.2,97.4,3579.7,1654.0,0
L25332,1694,26.3,122.1,102.5,46.1,96.8,3589.5,1533.8,0
L25333,1669,25.4,119.7,108.4,44.1,105.1,3525.3,1726.5,0
L25334,1753,25.6,116.1,110.2,42.3,101.6,3541.2,1572.4,0
L25335,1653,27.8,120.7,108.9,36.6,88.6,3604.5,1495.0,0
L25336,1696,25.7,142.1,109.0,40.6,99.8,3602.5,1646.1,0
L25337,1775,26.0,126.7,112.0,38.1,100.4,3560.6,1520.9,0
L25338,1842,29.1,128.4,105.7,40.1,96.9,3616.7,1515.7,0
L25339,1799,24.7,126.8,103.5,39.0,101.8,3573.9,1555.9,0
L25340,1567,23.8,131.8,108.6,31.8,96.1,3601.7,1457.6,0
L25341,1774,25.6,118.5,113.1,44.5,96.2,3580.6,1560.0,0
L25342,1756,25.7,103.6,116.8,39.7,95.7,3590.7,1525.9,0
L25343,1783,24.2,118.5,113.1,38.1,82.9,3645.1,1369.8,0
L25344,1879,23.5,126.5,104.1,37.8,94.5,3593.9,1545.5,0
L25345,1585,28.5,112.2,109.1,41.4,91.0,3629.5,1362.7,0
L25346,1703,25.5,118.6,111.0,36.4,87.9,3638.0,1483.0,0
L25347,1797,23.9,114.5,110.7,31.0,103.6,3550.3,1588.6,0
L25348,1623,26.4,132.0,112.2,41.6,98.0,3605.6,1571.6,0
L25349,1868,24.8,126.0,106.3,42.1,94.8,3606.4,1543.6,0
L25350,1779,24.6,125.2,110.3,39.2,91.6,3626.5,1528.9,0
L25351,1818,25.8,125.0,111.7,35.4,96.8,3584.1,1522.8,0
L25352,1704,23.1,119.7,113.3,40.4,100.9,3601.2,1478.4,0
L25353,1815,25.5,121.6,106.8,34.1,90.0,3616.8,1456.2,0
L25354,1835,27.9,110.5,108.6,35.9,95.0,3614.2,1515.2,0
L25355,1769,25.7,102.5,99.2,37.0,100.2,3556.5,1554.0,0
L25356,1769,24.4,121.2,107.5,43.4,83.4,3668.5,1377.9,0
L25357,1772,24.2,122.6,107.9,38.5,94.7,3614.6,1486.2,0
L25358,1681,24.4,129.7,105.9,38.2,92.4,3637.7,1418.3,0
L25359,1738,24.6,132.6,110.7,47.8,94.2,3603.0,1526.6,0
L25360,1738,24.4,132.6,109.8,41.4,92.0,3641.3,1436.6,0
L25361,1781,26.4,112.0,101.0,41.4,95.8,3615.6,1525.7,0
L25362,1830,22.4,117.2,110.9,38.5,106.5,3538.3,1618.8,0
L25363,1665,26.3,123.8,106.3,37.6,93.1,3613.3,1553.3,0
L25364,1740,24.4,140.3,111.9,31.3,96.8,3602.2,1526.7,0
L25365,1869,25.6,131.8,104.9,43.9,107.0,3548.2,1668.1,0
L25366,1691,23.3,129.0,110.1,41.8,91.7,3648.7,1438.8,0
L25367,1684,27.0,116.9,108.9,39.3,105.9,3530.4,1658.3,0
L25368,1766,26.9,112.9,111.2,39.5,95.0,3579.8,1572.7,0
L25369,1818,26.4,126.3,110.5,42.9,105.7,3577.7,1662.7,0
L25370,1751,22.7,111.2,109.0,33.8,99.5,3579.5,1592.4,0
L25371,1856,26.2,118.1,103.9,37.6,96.8,3620.2,1577.0,0
L25372,1819,25.6,119.1,104.1,35.5,94.6,3594.5,1449.9,0
L25373,1817,22.6,132.7,107.7,47.1,91.3,3631.3,1420.6,0
L25374,1794,25.0,117.2,110.0,43.5,95.5,3585.7,1495.3,0
L25375,1936,25.5,100.5,107.6,31.2,100.4,3558.7,1538.0,0
L25376,1734,25.8,124.0,112.5,33.9,94.9,3578.3,1455.8,0
L25377,1590,25.3,114.4,108.9,39.5,93.1,3614.0,1388.1,0
L25378,1878,25.4,120.3,106.1,38.1,93.5,3612.2,1430.1,0
L25379,1713,27.2,119.3,108.9,34.7,101.0,3570.0,1563.1,0
L25380,1759,26.8,117.8,110.9,47.8,102.4,3557.1,1588.4,0
L25381,1855,20.7,126.3,111.3,41.3,91.0,3611.9,1417.5,0
L25382,1622,24.5,107.7,117.5,41.9,91.0,3618.8,1485.9,0
L25383,1650,24.8,115.9,107.3,37.2,97.3,3568.4,1516.3,0
L25384,1622,22.4,125.5,109.7,42.9,104.2,3568.4,1665.7,0
L25385,1686,25.1,115.1,111.7,38.5,101.9,3592.7,1581.2,0
L25386,1785,26.9,107.1,109.9,38.9,87.5,3646.0,1445.1,0
L25387,1792,23.4,125.3,108.0,42.4,93.4,3590.6,1499.2,0
L25388,1772,25.5,129.0,103.8,33.5,89.4,3627.1,1387.7,0
L25389,1637,23.6,119.6,108.0,46.4,93.4,3613.5,1484.4,0
L25390,1565,24.0,104.3,105.7,40.7,104.6,3538.7,1570.9,0
L25391,1754,27.2,125.6,103.1,45.1,86.5,3625.8,1419.8,0
L25392,1712,24.2,106.7,106.8,35.7,85.3,3640.3,1358.9,0
L25393,1787,25.7,122.5,105.8,36.3,90.0,3625.9,1476.2,0
L25394,1806,22.2,112.9,112.3,35.4,96.7,3613.1,1462.9,0
L25395,1761,27.8,110.7,112.4,41.0,98.7,3570.1,1555.0,0
L25396,1811,25.9,116.5,106.4,40.3,97.6,3601.2,1574.6,0
L25397,1768,24.7,118.5,109.0,38.1,102.1,3546.4,1634.2,0
L25398,1792,25.9,114.8,102.6,35.9,84.4,3631.2,1364.6,0
L25399,1694,22.9,124.7,108.0,34.9,102.1,3580.5,1594.4,0
L25400,1736,26.8,116.4,111.6,39.8,93.1,3621.5,1493.1,0
L25401,1766,24.5,127.8,113.3,38.1,99.4,3572.1,1643.2,0
L25402,1816,24.7,122.2,107.1,37.3,87.1,3640.5,1342.1,0
L25403,1719,24.3,114.4,114.2,46.2,95.0,3574.8,1471.6,0
L25404,1792,24.1,113.1,103.9,39.7,96.4,3584.3,1681.5,0
L25405,1729,26.0,106.8,105.0,45.1,101.9,3567.0,1589.5,0
L25406,1741,25.4,122.3,112.8,37.9,85.5,3641.4,1302.7,0
L25407,1816,26.0,117.2,116.7,41.0,95.2,3593.0,1499.8,0
L25408,1591,25.0,101.0,112.0,39.8,88.5,3597.8,1291.3,0
L25409,1646,25.8,115.7,109.8,33.2,98.0,3572.2,1549.1,0
L25410,1631,24.4,112.8,101.2,45.7,99.7,3596.6,1631.6,0
L25411,1563,28.3,132.6,101.9,39.5,102.7,3575.3,1579.5,0
L25412,1696,22.6,106.4,110.5,43.0,91.8,3588.6,1440.0,0
L25413,1810,26.9,108.5,108.6,37.0,100.6,3558.4,1618.7,0
L25414,1727,27.1,128.9,105.6,39.3,103.2,3545.6,1528.2,0
L25415,1766,23.7,130.9,110.3,36.5,85.1,3642.4,1316.7,0
L25416,1837,28.3,114.0,110.5,44.9,98.7,3596.7,1534.5,0
L25417,1856,26.5,114.9,113.8,41.2,100.8,3565.8,1546.5,0
L25418,1744,26.5,124.9,110.5,41.5,93.4,3639.3,1468.9,0
L25419,1858,25.0,101.4,114.9,45.4,87.7,3616.7,1369.3,0
L25420,1757,24.7,105.1,110.0,44.6,100.7,3558.9,1578.7,0
L25421,1683,24.7,117.8,109.5,43.1,87.8,3641.8,1408.0,0
L25422,1702,25.6,132.4,114.3,34.3,93.9,3577.5,1531.6,0
L25423,1632,27.1,116.5,106.1,37.2,94.8,3601.0,1522.8,0
L25424,1679,25.3,120.8,121.3,36.0,99.3,3579.4,1606.9,0
L25425,1721,23.6,129.1,111.5,42.9,91.2,3647.8,1388.6,0
L25426,1814,26.2,136.9,111.5,40.7,90.9,3648.9,1481.4,0
L25427,1888,26.4,115.4,112.1,34.4,95.6,3576.6,1499.0,0
L25428,1639,26.0,119.9,117.5,39.2,101.0,3588.9,1594.2,0
L25429,1781,26.1,134.6,113.2,34.0,108.7,3543.4,1729.8,0
L25430,1667,24.6,107.8,103.6,39.8,86.0,3619.3,1381.2,0
L25431,1788,23.6,128.2,115.6,33.4,96.9,3601.2,1612.7,0
L25432,1740,23.7,111.9,108.6,42.1,88.5,3621.0,1499.4,0
L25433,1604,22.5,120.8,110.4,41.5,101.1,3593.7,1612.7,0
L25434,1824,,118.1,104.9,47.6,89.4,3630.2,1403.9,0
L25435,1702,24.9,112.3,112.1,43.4,91.0,3615.5,1350.5,0
L25436,1707,24.3,112.1,107.4,38.3,91.5,3623.0,1521.9,0
L25437,1664,20.6,122.2,110.4,43.3,94.5,3620.0,1501.7,0
L25438,1698,23.1,128.0,108.9,34.4,96.9,3609.2,1490.6,0
L25439,1784,26.7,119.0,117.7,36.2,97.9,3605.7,1624.3,0
L25440,1735,24.0,120.6,117.9,41.3,95.0,3609.5,1488.2,0
L25441,1776,25.5,124.6,110.2,31.4,87.0,3644.8,1383.8,0
L25442,1779,22.9,112.2,110.3,39.9,99.4,3590.0,1579.7,0
L25443,1856,27.2,125.9,108.5,35.9,94.7,3605.5,1446.5,0
L25444,1723,24.8,126.6,114.4,40.4,102.0,3572.9,1595.9,0
L25445,1632,25.4,140.8,108.7,35.7,90.8,3664.1,1508.8,0
L25446,1835,28.5,117.0,108.3,41.7,85.4,3667.0,1401.9,0
L25447,1723,27.3,116.3,113.9,40.1,94.8,3597.6,1575.6,0
L25448,1839,24.5,126.2,107.8,45.6,102.8,3561.6,1658.6,0
L25449,1781,24.1,126.6,109.8,40.0,96.0,3622.5,1512.6,0
L25450,1740,24.5,115.7,103.7,36.9,93.8,3613.5,1394.1,0
L25451,1778,25.8,116.8,112.8,39.0,89.8,3626.7,1393.3,0
L25452,1906,24.8,124.3,117.8,34.6,105.5,3548.6,1695.8,0
L25453,1916,24.4,113.4,112.9,41.6,88.8,3628.5,1359.9,0
L25454,1756,27.2,116.7,115.8,42.4,90.6,3617.6,1454.8,0
L25455,1763,24.8,120.7,106.6,49.9,98.4,3574.6,1571.5,0
L25456,1836,28.4,128.0,110.9,37.5,83.9,3662.5,1443.6,0
L25457,1682,25.1,115.2,106.2,38.9,102.6,3562.8,1578.1,0
L25458,1777,27.7,105.3,109.1,37.7,98.7,3563.3,1516.4,0
L25459,1748,25.5,104.7,113.1,40.8,100.4,3573.4,1574.5,0
L25460,1775,26.4,109.9,110.4,41.5,98.3,3593.5,1559.4,0
L25461,1683,23.9,109.5,104.3,39.8,94.0,3609.2,1503.3,0
L25462,1623,23.7,118.8,104.7,44.3,88.6,3625.5,1497.0,0
L25463,1584,25.7,110.5,104.5,37.5,94.2,3606.4,1472.1,0
L25464,1661,26.5,114.4,112.0,43.9,89.1,3624.2,1443.7,0
L25465,1713,25.1,113.8,118.3,42.2,97.9,3562.5,1590.3,0
L25466,1727,23.1,116.5,115.4,40.0,99.8,3583.3,1559.9,0
L25467,1905,23.0,130.6,102.4,38.7,103.9,3569.1,1678.7,0
L25468,1838,22.9,125.3,115.7,49.7,97.2,3631.7,1557.0,0
L25469,1673,22.3,120.1,113.7,36.7,100.5,3594.6,1621.0,0
L25470,1778,25.2,116.3,103.8,41.2,93.2,3615.6,1513.0,0
L25471,1717,26.7,116.5,108.8,37.0,92.1,3614.3,1489.2,0
L25472,1727,25.0,122.6,114.4,47.1,97.8,3591.1,1520.0,0
L25473,1765,21.6,124.7,112.2,43.5,92.7,3600.8,1449.4,0
L25474,1800,24.7,112.7,104.8,37.3,96.6,3560.5,1601.5,0
L25475,1723,24.8,120.3,112.4,42.1,88.6,3618.2,1465.1,0
L25476,1835,28.1,103.7,101.4,41.0,89.7,3610.1,1419.6,0
L25477,1659,22.8,121.7,109.1,37.9,98.8,3552.7,1558.4,0
L25478,1751,24.4,126.1,114.6,43.0,100.3,3572.1,1463.4,0
L25479,1958,27.6,117.8,110.1,41.6,89.1,3622.8,1400.6,0
L25480,1768,25.7,134.5,108.0,40.9,99.0,3590.6,1604.3,0
L25481,1865,25.8,113.0,113.6,39.8,91.8,3599.4,1469.6,0
L25482,1757,25.2,121.7,113.9,41.7,95.1,3596.1,1522.7,0
L25483,1796,25.5,119.7,115.2,40.9,103.5,3583.9,1472.2,0
L25484,1745,26.2,119.2,113.5,40.2,99.8,3585.6,1552.5,0
L25485,1736,23.8,119.1,114.3,37.4,99.8,3568.1,1591.5,0
L25486,1688,26.3,120.9,112.9,46.8,106.5,3544.8,1672.4,0
L25487,1784,22.9,126.8,111.1,35.8,90.8,3626.0,1501.7,0
L25488,1682,25.5,131.0,110.4,41.7,89.1,3627.2,1419.9,0
L25489,1803,25.3,120.0,109.1,38.7,90.7,3609.6,1443.5,0
L25490,1837,24.1,126.5,105.2,47.0,93.5,3627.9,1434.5,0
L25491,1779,25.0,114.4,106.2,36.4,80.9,3656.7,1335.5,0
L25492,1727,24.1,126.1,108.9,37.1,93.8,3595.6,1426.5,0
L25493,1786,23.4,113.9,111.0,36.1,91.7,3609.6,1372.3,0
L25494,1725,24.5,128.7,115.8,41.3,99.7,3587.0,1525.2,0
L25495,1825,23.3,137.7,109.8,34.5,97.1,3577.2,1601.5,0
L25496,1603,25.5,119.0,114.0,38.1,91.4,3615.8,1459.3,0
L25497,1723,23.3,102.5,114.3,31.4,98.5,3579.8,1570.7,0
L25498,1591,26.1,115.6,109.1,41.0,99.3,3581.8,1530.1,0
L25499,1630,23.2,129.9,112.4,38.0,90.4,3663.3,1364.7,0
L25500,1859,24.2,124.4,109.0,34.0,92.0,3636.3,1515.2,0
L25501,1822,24.1,122.0,115.3,44.3,81.6,3686.9,1252.3,0
L25502,1692,27.0,128.1,112.5,34.8,88.5,3679.3,1403.9,0
L25503,1630,25.5,123.9,105.2,43.2,90.5,3635.9,1462.9,0
L25504,1513,24.7,129.7,110.6,37.2,95.4,3609.0,1519.4,0
L25505,1707,25.7,127.4,116.6,46.4,89.3,3648.0,1422.0,0
L25506,1944,21.8,132.2,109.3,43.0,91.9,3617.6,1374.0,0
L25507,1785,24.9,122.9,111.8,36.0,87.6,3639.4,1378.9,0
L25508,1705,28.0,127.2,112.2,36.3,96.0,3592.2,1483.6,0
L25509,1787,25.2,117.5,105.9,42.4,97.6,3591.3,1508.6,0
L25510,1625,25.1,115.2,112.0,39.0,97.4,3574.6,1585.6,0
L25511,1726,25.8,133.7,104.4,39.3,95.1,3602.0,1462.5,0
L25512,1758,26.3,121.7,107.5,45.1,85.8,3651.9,1414.1,0
L25513,1743,22.0,126.4,114.3,37.0,91.3,3621.7,1480.5,0
L25514,1813,22.5,121.0,111.4,40.4,92.6,3584.7,1524.4,0
L25515,1778,25.3,115.3,108.8,43.8,92.6,3586.3,1469.2,0
L25516,1803,23.9,120.1,111.8,43.2,95.4,3581.3,1552.1,0
L25517,1695,27.0,131.5,109.8,39.4,103.6,3556.5,1595.0,0
L25518,1822,24.5,124.4,110.1,38.8,99.9,3586.6,1580.4,0
L25519,1880,22.1,106.3,112.6,33.0,89.1,3619.3,1364.3,0
L25520,1672,23.1,118.3,107.1,35.8,99.1,3594.4,1428.6,0
L25521,1679,20.9,134.3,110.2,41.3,98.8,3605.3,1565.6,0
L25522,1857,24.6,118.3,108.8,39.4,90.2,3637.2,1468.5,0
L25523,1735,24.7,105.6,103.7,40.3,100.1,3571.4,1610.3,0
L25524,1862,24.4,135.1,106.3,44.2,94.0,3621.3,1476.9,0
L25525,1715,26.6,125.5,116.3,35.3,86.5,3661.5,1498.1,0
L25526,1866,26.8,119.4,111.5,39.1,97.7,3599.7,1515.9,0
L25527,1761,24.7,117.0,104.7,40.8,96.3,3596.5,1557.8,0
L25528,1771,21.8,128.7,103.8,37.2,93.6,3632.8,1538.0,0
L25529,1875,25.9,115.7,109.6,45.7,94.8,3563.2,1585.0,0
L25530,1721,25.8,129.2,116.2,43.6,90.7,3624.8,1457.4,0
L25531,1675,25.5,124.3,109.3,41.2,98.7,3581.9,1514.3,0
L25532,1714,26.5,122.0,115.2,47.2,94.7,3619.7,1442.9,0
L25533,1786,23.3,121.2,111.4,34.0,96.0,3619.0,1595.2,0
L25534,1625,28.0,118.6,111.9,40.0,97.1,3567.4,1554.3,0
L25535,1801,23.6,128.4,104.7,41.5,88.1,3661.2,1460.9,0
L25536,1707,26.1,113.1,113.8,36.3,89.6,3602.5,1606.4,0
L25537,1842,22.5,107.0,108.7,41.2,81.7,3635.4,1362.5,0
L25538,1558,23.6,124.9,113.5,35.6,98.4,3584.8,1489.4,0
L25539,1687,27.3,125.0,106.7,42.8,87.7,3634.8,1416.0,0
L25540,1615,24.6,123.8,110.7,44.2,95.8,3577.0,1463.6,0
L25541,1684,26.3,123.3,111.4,41.1,97.2,3601.7,1512.5,0
L25542,1770,25.4,117.4,109.4,32.6,98.6,3590.2,1525.7,0
L25543,1736,24.8,126.3,111.6,36.1,87.8,3655.6,1390.4,0
L25544,1730,27.0,119.6,108.9,42.3,94.6,3595.3,1429.9,0
L25545,1737,24.6,116.1,107.4,40.1,105.0,3547.8,1710.3,0
L25546,1766,22.3,117.5,116.4,29.2,105.3,3547.9,1664.1,0
L25547,1669,23.8,136.2,114.2,45.0,100.9,3610.6,1576.6,0
L25548,1807,25.8,106.1,107.0,40.5,97.0,3536.7,1574.4,0
L25549,1803,25.6,124.0,112.3,36.7,89.0,3618.7,1460.3,0
L25550,1781,22.6,106.6,107.0,44.0,99.3,3567.3,1577.4,0
L25551,1795,23.9,119.1,105.3,37.3,94.1,3588.0,1541.8,0
L25552,1774,24.1,116.5,114.1,37.2,98.4,3577.0,1563.6,0
L25553,1913,24.5,103.3,103.2,41.4,91.2,3601.4,1515.2,0
L25554,1743,22.9,123.1,113.7,47.1,94.0,3598.2,1540.0,0
L25555,1725,24.1,117.0,109.0,46.5,96.0,3593.5,1524.0,0
L25556,1690,23.9,103.2,109.2,41.4,96.5,3586.9,1510.1,0
L25557,1667,26.2,126.7,111.6,41.8,98.0,3588.4,1618.6,0
L25558,1650,26.2,131.5,112.3,43.2,91.5,3620.4,1443.7,0
L25559,1679,24.8,131.9,106.7,35.0,86.9,3647.0,1436.1,0
L25560,1744,24.4,122.9,112.9,42.6,104.7,3555.7,1649.2,0
L25561,1777,25.2,120.4,110.5,37.1,109.9,3503.4,1650.6,1
L25562,1754,23.8,130.6,105.0,41.3,97.7,3603.4,1511.9,0
L25563,1689,23.3,133.5,109.3,39.1,87.1,3643.7,1389.7,0
L25564,1822,23.6,129.1,115.5,42.0,90.4,3648.7,1441.8,0
L25565,1809,24.0,112.5,116.7,40.5,98.1,3587.1,1490.6,0
L25566,1737,23.3,121.6,112.9,28.0,103.0,3579.8,1575.5,0
L25567,1698,25.2,123.5,105.2,40.7,87.7,3623.4,1445.0,0
L25568,1794,26.1,105.5,112.0,42.6,94.3,3585.2,1562.2,0
L25569,1765,22.6,123.8,113.4,41.8,96.2,3579.7,1555.4,0
L25570,1634,25.0,138.2,112.9,39.6,100.2,3581.2,1443.9,0
L25571,1745,24.7,125.1,113.1,46.6,92.9,3632.7,1519.9,0
L25572,1771,25.5,131.8,111.5,41.2,85.6,3677.2,1365.3,0
L25573,1678,25.0,121.5,109.7,41.8,98.7,3566.8,1568.5,0
L25574,1765,22.8,119.4,107.6,44.2,101.7,3560.4,1590.0,0
L25575,1634,23.1,123.1,102.4,41.5,94.5,3604.0,1514.8,0
L25576,1857,25.0,113.5,111.4,36.4,97.4,3590.9,1529.5,0
L25577,1850,26.5,112.3,110.7,30.2,92.2,3581.2,1467.7,0
L25578,1730,21.7,130.1,112.2,38.1,89.9,3610.2,1515.2,0
L25579,1779,25.5,131.0,104.6,43.0,101.2,3587.4,1594.3,0
L25580,1557,26.8,112.1,112.6,38.6,97.3,3553.4,1592.5,0
L25581,1657,24.8,127.7,118.2,43.2,97.9,3586.4,1615.2,0
L25582,1726,25.8,119.3,110.3,40.6,104.0,3558.5,1642.8,0
L25583,1664,23.9,122.7,109.8,45.2,88.7,3638.9,1335.7,0
L25584,1807,24.8,123.7,111.2,38.8,91.7,3617.2,1521.0,0
L25585,1910,22.6,128.0,118.1,41.9,95.9,3597.3,1521.0,0
L25586,1656,21.5,120.7,105.9,42.0,91.6,3629.1,1511.5,0
L25587,1683,26.4,131.3,110.8,46.0,99.7,3591.7,1511.0,0
L25588,1769,23.5,122.5,106.8,33.2,93.9,3598.2,1440.0,0
L25589,1879,24.3,125.0,107.8,38.2,89.0,3633.6,1536.1,0
L25590,1652,22.9,113.3,109.8,43.4,95.4,3597.7,1457.7,0
L25591,1770,22.9,137.3,115.4,46.2,96.0,3635.6,1591.1,0
L25592,1896,24.7,123.8,117.2,41.0,100.6,3587.9,1602.0,0
L25593,1618,23.9,125.7,111.8,38.8,97.4,3611.4,1514.5,0
L25594,1648,25.6,107.1,108.5,43.0,97.8,3566.3,1537.0,0
L25595,1716,25.7,113.4,120.0,43.5,96.9,3577.3,1497.9,0
L25596,1708,25.5,129.9,108.3,38.6,93.9,3610.9,1492.6,0
L25597,1815,25.4,122.3,107.7,41.3,90.7,3620.6,1403.4,0
L25598,1769,27.4,104.7,102.9,44.7,96.7,3563.3,1529.4,0
L25599,1608,23.4,128.3,115.6,47.6,93.0,3635.4,1544.6,0
L25600,1791,24.9,115.6,113.9,43.0,105.1,3560.2,1649.9,0
L25601,1704,26.7,131.3,119.7,40.2,103.1,3567.1,1561.2,0
L25602,1852,26.9,119.3,104.4,39.8,98.8,3590.4,1610.4,0
L25603,1700,22.9,121.6,115.8,42.2,97.3,3593.8,1550.2,0
L25604,1699,24.5,129.4,110.3,39.5,94.5,3621.5,1467.7,0
L25605,1793,27.0,112.8,113.2,40.8,87.4,3610.4,1459.4,0
L25606,1811,25.8,112.1,103.4,35.8,93.7,3597.0,1502.4,0
L25607,1786,25.3,118.4,115.9,45.2,95.6,3594.8,1472.5,0
L25608,1615,24.7,126.6,113.1,35.4,96.4,3608.4,1621.5,0
L25609,1793,24.4,109.4,109.8,38.3,97.8,3567.8,1533.6,0
L25610,1667,25.4,106.7,112.6,40.4,100.5,3525.2,1572.6,0
L25611,1769,24.6,126.6,106.9,48.0,90.8,3610.2,1442.2,0
L25612,1636,24.9,115.2,107.7,38.3,90.9,3614.4,1519.1,0
L25613,1786,25.1,116.9,108.1,37.3,103.7,3556.3,1585.6,0
L25614,1685,24.0,105.1,102.6,37.8,99.6,3588.8,1507.9,0
L25615,1647,25.8,114.6,113.4,46.6,92.7,3614.8,1451.7,0
L25616,1807,29.4,119.9,114.8,28.8,94.4,3604.2,1577.7,0
L25617,1769,22.3,127.4,107.2,36.0,94.4,3609.2,1545.4,0
L25618,1701,25.5,113.8,111.4,50.9,95.2,3609.5,1495.1,0
L25619,1866,23.9,133.3,108.9,42.4,97.8,3589.8,1606.9,0
L25620,1715,25.9,114.5,111.3,35.6,110.2,3520.0,1725.2,0
L25621,1753,25.1,114.5,107.5,39.8,96.1,3573.8,1510.4,0
L25622,1772,26.1,132.3,106.5,40.3,99.0,3612.6,1553.5,0
L25623,1700,26.8,121.7,114.2,43.4,84.9,3655.8,1411.9,0
L25624,1788,25.3,115.6,109.7,47.4,92.1,3599.7,1424.5,0
L25625,1707,26.7,118.8,118.1,41.6,102.4,3561.8,1621.1,0
L25626,1717,21.5,130.8,110.2,37.8,97.4,3605.5,1545.1,0
L25627,1859,27.4,131.7,106.3,43.1,75.0,3702.9,1190.5,0
L25628,1667,25.6,113.5,114.9,37.2,99.0,3567.0,1558.7,0
L25629,1557,26.6,119.7,112.5,35.9,106.5,3535.0,1633.0,0
L25630,1879,23.2,120.7,112.9,33.0,83.0,3663.0,1419.3,0
L25631,1954,23.8,112.1,114.8,33.7,104.1,3543.9,1536.2,0
L25632,1718,25.2,119.6,107.4,36.4,78.4,3672.9,1291.8,0
L25633,1595,25.0,120.0,109.5,35.3,100.6,3553.7,1545.5,0
L25634,1725,25.4,129.1,109.3,41.3,94.9,3609.6,1550.1,0
L25635,1727,26.6,129.7,104.8,35.2,80.9,3673.7,1349.3,0
L25636,1735,22.4,117.4,108.9,28.0,97.7,3580.1,1626.1,0
L25637,1661,26.5,118.3,115.3,35.8,101.9,3568.2,1637.4,0
L25638,1796,25.0,125.3,110.9,38.1,97.2,3605.1,1509.5,0
L25639,1792,24.7,115.3,104.6,37.6,98.5,3589.1,1575.6,0
L25640,1630,22.8,124.7,103.8,46.1,92.5,3624.1,1477.5,0
L25641,1806,25.8,119.3,116.7,37.5,83.8,3649.5,1435.6,0
L25642,1914,21.4,112.2,109.6,43.5,99.2,3564.9,1484.6,0
L25643,1764,26.0,112.3,107.4,39.9,105.5,3527.6,1595.2,0
L25644,1723,22.8,131.6,108.9,39.8,101.8,3569.3,1608.5,0
L25645,1739,25.1,118.7,104.1,36.7,83.1,3656.4,1441.8,0
L25646,1799,24.8,133.1,115.7,39.8,85.9,3644.0,1303.6,0
L25647,1612,26.8,115.9,108.4,36.9,89.9,3622.1,1514.1,0
L25648,1763,24.7,122.3,115.5,40.7,85.4,3634.0,1400.2,0
L25649,1719,24.0,139.1,110.2,39.1,95.3,3591.9,1409.8,0
L25650,1898,24.2,111.5,115.7,36.2,97.4,3592.9,1401.1,0
L25651,1736,26.9,104.8,111.0,44.0,86.4,3620.6,1324.7,0
L25652,1883,25.8,130.3,113.4,41.7,99.7,3574.7,1568.6,0
L25653,1662,24.4,113.4,112.9,38.2,98.6,3560.9,1551.5,0
L25654,1797,24.6,119.8,9999.0,40.6,91.7,3621.8,1502.2,0
L25655,1776,22.6,115.3,111.4,39.7,94.0,3620.7,1465.7,0
L25656,1680,25.6,122.1,109.1,36.5,83.3,3652.2,1307.9,0
L25657,1764,22.4,112.4,117.7,40.3,93.0,3599.6,1486.1,0
L25658,1847,26.1,118.6,106.4,37.5,95.0,3614.0,1516.7,0
L25659,1724,25.2,123.6,110.0,36.2,96.0,3572.1,1523.8,0
L25660,1615,28.6,111.9,110.1,33.5,97.3,3610.3,1488.1,0
L25661,1749,23.3,114.4,111.6,38.6,96.5,3623.4,1569.1,0
L25662,1678,24.8,117.2,108.3,42.3,93.4,3565.9,1456.8,0
L25663,1723,27.7,108.6,111.3,37.2,96.7,3580.1,1482.2,0
L25664,1743,26.8,116.6,109.3,50.1,101.0,3557.7,1547.7,0
L25665,1614,24.0,121.0,103.7,43.5,94.4,3599.8,1572.2,0
L25666,1621,25.3,116.8,110.0,45.2,96.9,3581.9,1516.4,0
L25667,1789,25.0,117.8,105.6,43.2,93.9,3615.2,1469.5,0
L25668,1708,25.4,119.8,103.1,47.4,91.1,3616.9,1527.5,0
L25669,1545,24.0,114.8,110.5,36.9,98.1,3567.0,1647.0,0
L25670,1813,24.9,125.5,112.0,29.8,91.7,3618.5,1478.3,0
L25671,1772,22.6,131.5,112.1,38.2,97.3,3606.7,1597.9,0
L25672,1693,25.2,116.3,112.3,42.2,95.2,3578.7,1562.9,0
L25673,1645,25.7,123.9,102.3,40.6,93.2,3588.4,1478.8,0
L25674,1817,24.7,118.1,104.6,41.1,93.0,3636.6,1499.5,0
L25675,1778,22.6,122.9,117.9,45.3,92.0,3608.0,1430.9,0
L25676,1941,26.5,132.5,105.8,41.5,85.1,3656.7,1388.0,0
L25677,1784,25.5,124.1,112.4,43.2,97.3,3586.9,1506.0,0
L25678,1781,23.9,105.8,107.3,36.2,96.4,3588.5,1507.5,0
L25679,1737,24.6,123.6,110.3,35.6,100.1,3604.5,1525.0,0
L25680,1815,22.7,129.9,107.5,46.5,91.8,3632.6,1457.5,0
L25681,1800,23.5,118.2,112.2,40.4,106.4,3521.8,1672.1,1
L25682,1850,24.2,128.0,110.5,37.5,92.7,3598.0,1468.9,0
L25683,1708,26.8,114.5,108.2,37.5,89.7,3614.4,1350.9,0
L25684,1715,24.0,108.1,105.8,37.4,89.0,3614.0,1408.0,0
L25685,1712,26.0,121.1,111.1,37.2,84.6,3626.0,1303.5,0
L25686,1813,24.2,105.9,105.1,34.9,104.2,3555.1,1642.0,0
L25687,1870,25.4,118.1,111.7,34.0,103.2,3543.0,1630.7,0
L25688,1713,24.8,130.3,120.5,39.2,98.6,3613.6,1598.1,0
L25689,1716,26.3,104.7,115.4,37.6,89.6,3638.5,1417.7,0
L25690,1775,24.2,109.8,112.9,44.4,105.9,3535.0,1654.2,0
L25691,1730,22.6,111.7,109.7,41.2,92.9,3609.1,1452.5,0
L25692,1826,,119.5,102.2,41.1,93.4,3589.4,1454.7,0
L25693,1570,24.2,117.1,104.7,37.0,103.6,3565.0,1661.7,0
L25694,1684,23.1,131.2,115.1,39.5,99.0,3583.9,1608.9,0
L25695,1687,25.6,127.6,106.8,41.4,108.2,3527.7,1718.6,1
L25696,1564,24.3,124.0,107.2,42.9,96.5,3592.2,1498.7,0
L25697,1673,28.6,121.2,109.3,39.6,92.6,3605.7,1533.0,0
L25698,1677,22.4,123.1,105.8,44.3,91.3,3615.7,1448.3,0
L25699,1734,25.3,113.1,105.1,40.0,83.9,3660.8,1419.3,0
L25700,1839,23.3,126.9,109.8,43.2,93.3,3602.8,1455.2,0
L25701,1730,24.3,111.1,106.4,38.0,101.9,3584.2,1585.5,0
L25702,1668,25.2,126.7,107.0,32.7,98.6,3569.6,1433.9,0
L25703,1745,21.5,129.5,106.9,41.1,95.1,3631.4,1498.9,0
L25704,1834,25.4,121.7,112.1,42.9,89.0,3615.4,1441.3,0
L25705,1672,27.9,118.6,109.1,42.3,96.4,3592.2,1499.5,0
L25706,1677,24.3,123.2,109.3,41.7,101.1,3566.6,1663.6,0
L25707,1795,25.4,97.1,112.4,38.6,97.6,3562.0,1482.4,0
L25708,1732,26.5,122.4,109.4,36.8,96.0,3609.0,1486.1,0
L25709,1802,24.8,119.1,108.9,42.2,90.2,3643.9,1401.8,0
L25710,1749,24.1,119.6,111.9,41.7,100.2,3591.9,1541.8,0
L25711,1806,21.6,125.7,112.7,37.8,76.2,3689.4,1336.8,0
L25712,1667,26.0,119.4,109.4,44.4,97.3,3591.1,1603.8,0
L25713,1749,24.8,110.9,110.3,36.5,110.4,3506.4,1651.3,0
L25714,1733,23.5,118.9,106.9,37.7,85.9,3628.0,1367.8,0
L25715,1653,25.2,120.5,106.6,46.5,93.6,3590.8,1438.5,0
L25716,1625,24.1,120.9,113.1,43.5,95.0,3594.7,1577.1,0
L25717,1805,24.2,121.3,111.8,38.6,92.2,3618.1,1529.9,0
L25718,1722,25.9,128.3,111.8,41.1,101.2,3549.9,1576.6,0
L25719,1668,23.0,111.3,111.1,40.6,97.8,3577.9,1468.7,0
L25720,1742,26.6,121.4,110.2,29.0,95.9,3618.9,1446.4,0
L25721,1840,22.9,130.3,112.8,36.4,99.8,3602.6,1577.1,0
L25722,1568,24.0,106.1,113.7,39.8,95.1,3578.5,1543.6,0
L25723,1630,27.9,121.4,113.6,38.6,114.1,3489.5,1640.2,0
L25724,1676,26.7,115.3,109.6,41.0,95.9,3598.1,1496.4,0
L25725,1867,25.1,117.0,115.5,44.5,96.2,3558.1,1617.2,0
L25726,1773,23.6,112.8,110.9,38.7,84.7,3658.8,1369.6,0
L25727,1811,24.2,118.6,112.5,35.8,91.7,3611.3,1545.5,0
L25728,1659,25.1,134.7,111.1,41.3,101.9,3606.8,1619.6,0
L25729,1660,25.1,109.9,111.0,38.7,87.0,3604.3,1353.6,0
L25730,1786,24.9,110.6,107.1,39.4,82.1,3667.0,1341.8,0
L25731,1755,25.0,109.6,112.8,38.8,95.2,3588.2,1507.1,0
L25732,1794,24.7,133.8,121.4,49.0,103.2,3568.2,1596.6,0
L25733,1735,22.8,116.3,108.5,31.0,95.3,3575.6,1460.6,0
L25734,1772,24.2,119.8,110.3,38.4,93.0,3618.1,1552.3,0
L25735,1763,26.4,116.8,108.2,40.0,83.8,3660.4,1324.5,0
L25736,1812,22.9,112.4,108.0,36.9,97.7,3606.1,1594.3,0
L25737,1815,24.7,118.1,116.2,43.6,99.0,3593.9,1550.5,0
L25738,1620,23.8,139.7,107.3,43.3,84.3,3660.4,1381.2,0
L25739,1570,25.2,131.1,108.1,39.8,101.8,3562.8,1617.4,0
L25740,1830,24.4,113.2,103.7,38.9,99.6,3552.0,1550.6,0
L25741,1845,27.2,125.2,107.0,39.6,101.8,3593.4,1622.0,0
L25742,1668,25.8,113.3,103.2,39.6,98.5,3565.9,1467.0,0
L25743,1601,23.0,105.8,112.5,39.7,98.9,3589.8,1579.2,0
L25744,1758,26.0,128.2,121.2,39.2,98.1,3600.0,1458.9,0
L25745,1824,23.8,129.3,108.5,41.0,100.2,3588.1,1557.1,0
L25746,1894,24.1,128.4,103.3,43.0,84.1,3655.5,1438.4,0
L25747,1791,25.5,116.2,113.6,35.1,86.0,3649.4,1437.4,0
L25748,1720,24.3,118.7,107.1,35.8,90.6,3619.8,1393.7,0
L25749,1679,26.3,126.0,115.2,33.0,94.2,3603.8,1453.0,0
L25750,1751,23.8,123.1,108.9,43.5,97.3,3601.7,1498.0,0
L25751,1726,24.1,116.9,107.5,41.0,96.9,3585.7,1542.8,0
L25752,1669,24.0,107.0,109.3,42.0,101.7,3544.6,1481.7,0
L25753,1914,24.2,120.9,113.0,34.3,101.9,3576.4,1594.2,0
L25754,1893,26.6,128.6,109.1,47.1,89.8,3632.0,1456.4,0
L25755,1841,25.9,110.4,108.0,37.6,96.4,3591.6,1511.0,0
L25756,1676,27.6,125.1,109.2,40.7,89.9,3622.4,1468.4,0
L25757,1818,28.4,122.7,104.9,43.4,93.9,3590.3,1518.0,0
L25758,1801,23.5,126.0,111.6,36.1,96.9,3621.3,1502.4,0
L25759,1785,25.1,127.0,102.9,37.8,75.0,3724.7,1191.8,0
L25760,1850,23.2,114.4,108.2,40.7,109.5,3538.4,1687.4,0
L25761,1801,23.8,107.1,113.0,51.4,98.4,3566.4,1505.3,0
L25762,1809,24.1,115.7,111.2,41.2,91.4,3609.0,1433.0,0
L25763,1801,23.4,127.1,112.4,46.4,106.6,3570.9,1672.2,0
L25764,1777,23.4,115.7,109.7,44.8,92.9,3601.0,1546.9,0
L25765,1607,24.8,114.4,114.7,41.5,95.8,3582.0,1526.4,0
L25766,1757,23.2,105.4,113.7,36.0,92.1,3628.1,1507.4,0
L25767,1706,26.3,134.0,111.8,44.2,104.9,3564.4,1553.9,0
L25768,1648,23.6,126.6,113.7,34.0,94.4,3634.6,1519.6,0
L25769,1885,29.2,126.2,113.0,46.4,95.9,3581.0,1519.8,0
L25770,1888,24.3,127.7,108.2,40.8,102.2,3579.8,1655.2,0
L25771,1859,25.1,124.6,104.6,29.4,98.5,3617.3,1536.6,0
L25772,1770,23.1,118.0,111.7,38.6,94.7,3600.2,1490.7,0
L25773,1858,27.6,118.7,112.2,42.6,101.7,3563.0,1641.6,0
L25774,1751,26.7,116.6,114.4,39.1,110.2,3506.9,1695.6,1
L25775,1766,25.4,141.1,106.3,42.9,96.9,3625.5,1482.4,0
L25776,1663,23.0,124.4,106.4,36.6,95.7,3589.5,1650.5,0
L25777,1782,25.3,116.3,111.8,34.8,96.0,3590.4,1465.7,0
L25778,1755,23.3,123.7,109.7,39.7,102.9,3547.7,1592.3,0
L25779,1646,27.2,111.9,102.5,40.1,91.4,3632.6,1504.4,0
L25780,1746,26.2,132.0,111.5,38.6,93.3,3635.6,1499.3,0
L25781,1744,25.1,114.7,102.6,44.9,85.8,3639.1,1409.5,0
L25782,1894,21.3,124.0,106.2,36.6,87.9,3621.0,1420.6,0
L25783,1822,23.5,128.5,115.4,41.3,91.9,3644.9,1472.6,0
L25784,1751,26.0,123.1,117.3,40.3,94.7,3599.1,1469.4,0
L25785,1770,26.8,120.8,105.1,33.8,105.6,3533.7,1754.3,0
L25786,1754,26.7,120.1,108.7,34.7,98.2,3559.1,1532.9,0
L25787,1734,22.6,119.5,110.2,40.0,89.5,3616.5,1464.9,0
L25788,1663,25.5,115.4,117.1,47.9,90.6,3595.7,1459.4,0
L25789,1738,26.5,116.4,108.0,42.3,103.2,3548.1,1589.1,0
L25790,1690,22.5,131.8,108.1,33.1,101.8,3589.0,1566.0,0
L25791,1650,25.0,119.1,116.2,28.0,95.2,3593.0,1449.3,0
L25792,1791,25.4,113.7,108.5,42.9,92.3,3612.2,1466.1,0
L25793,1781,24.5,115.9,112.9,39.6,101.7,3553.4,1572.2,0
L25794,1607,22.2,128.8,104.1,44.6,89.0,3637.5,1510.7,0
L25795,1740,24.5,125.4,109.3,36.5,97.4,3621.4,1471.1,0
L25796,1830,24.5,124.5,103.4,41.4,108.6,3533.5,1661.3,0
L25797,1835,24.8,117.9,105.8,43.4,96.2,3597.8,1486.8,0
L25798,1832,24.2,124.6,9999.0,38.2,90.3,3603.8,1529.7,0
L25799,1753,24.3,114.9,109.8,38.3,97.5,3605.6,1486.9,0
L25800,1682,24.9,117.9,108.7,40.1,92.2,3604.7,1499.4,0
L25801,1663,25.7,127.8,107.0,42.2,86.6,3662.4,1460.1,0
L25802,1778,24.5,127.0,109.1,39.9,99.2,3584.3,1546.7,0
L25803,1780,24.4,112.1,111.2,43.9,101.7,3569.6,1516.5,0
L25804,1853,25.1,113.2,113.9,38.2,93.1,3612.5,1425.1,0
L25805,1838,22.1,120.9,99.5,34.7,92.7,3605.1,1557.8,0
L25806,1739,25.7,133.8,106.7,47.9,89.2,3656.0,1381.0,0
L25807,1650,25.0,104.7,110.6,37.6,94.1,3579.5,1511.4,0
L25808,1724,25.1,122.2,109.6,37.7,91.6,3629.5,1466.8,0
L25809,1767,26.4,109.0,111.6,39.7,88.9,3613.6,1452.5,0
L25810,1734,22.1,114.9,111.1,40.3,106.4,3546.0,1664.1,0
L25811,1704,22.0,117.1,108.8,38.5,97.8,3577.2,1491.8,0
L25812,1770,25.4,116.6,107.9,39.9,98.4,3581.2,1500.9,0
L25813,1710,25.0,115.7,109.0,39.8,100.3,3555.1,1603.3,0
L25814,1700,25.3,120.1,114.6,40.7,99.6,3581.4,1542.4,0
L25815,1775,24.3,115.7,107.1,30.6,92.5,3608.7,1344.5,0
L25816,1718,26.0,108.3,109.7,47.5,96.6,3573.8,1553.1,0
L25817,1770,26.4,126.2,110.7,39.4,93.4,3612.6,1431.8,0
L25818,1772,25.7,126.0,116.2,42.3,97.6,3594.7,1579.9,0
L25819,1659,24.6,126.7,108.8,34.5,97.1,3587.3,1599.0,0
L25820,1712,21.8,107.7,113.8,38.1,92.7,3598.1,1488.6,0
L25821,1865,26.2,122.4,114.9,37.3,87.0,3625.9,1473.8,0
L25822,1657,26.8,125.4,109.7,45.9,95.9,3634.7,1519.2,0
L25823,1581,26.0,111.8,109.2,37.7,93.8,3613.8,1568.0,0
L25824,1601,23.7,120.1,108.7,43.0,83.7,3658.5,1316.1,0
L25825,1752,26.0,119.1,109.0,37.4,98.0,3601.5,1540.2,0
L25826,1752,26.3,134.7,113.4,38.2,100.8,3556.8,1616.8,0
L25827,1741,27.3,135.4,110.9,39.0,110.2,3504.0,1676.2,1
L25828,1847,23.7,106.7,110.9,45.1,92.7,3593.5,1533.2,0
L25829,1536,24.7,140.0,105.5,32.4,91.8,3613.5,1457.6,0
L25830,1782,26.1,112.7,106.1,34.7,88.3,3621.9,1539.1,0
L25831,1875,25.1,127.8,118.6,32.2,96.3,3604.0,1655.4,0
L25832,1660,23.3,127.8,109.3,35.6,96.2,3614.5,1531.5,0
L25833,1720,25.6,112.0,106.9,36.8,90.1,3599.7,1481.6,0
L25834,1690,25.9,123.9,115.7,33.5,94.0,3614.4,1569.9,0
L25835,1678,25.1,119.1,111.1,37.1,83.1,3656.4,1302.7,0
L25836,1724,25.3,124.4,112.3,31.9,100.6,3582.4,1510.3,0
L25837,1864,24.6,121.8,109.4,35.9,90.4,3616.3,1509.5,0
L25838,1897,27.2,129.6,108.7,44.8,94.8,3629.7,1516.3,0
L25839,1723,23.6,120.6,109.3,41.6,86.4,3640.1,1388.7,0
L25840,1902,24.1,118.7,104.5,40.7,91.5,3641.3,1480.8,0
L25841,1753,25.0,128.8,109.6,36.0,93.3,3604.5,1362.0,0
L25842,1890,26.3,124.6,111.2,33.9,94.9,3615.3,1494.4,0
L25843,1743,22.8,125.9,117.4,35.4,97.9,3590.6,1526.5,0
L25844,1760,23.0,114.7,110.3,39.8,103.6,3549.0,1650.9,0
L25845,1779,21.9,111.6,100.7,43.5,99.4,3580.5,1639.9,0
L25846,2004,25.0,115.5,109.6,43.6,100.8,3563.9,1599.6,1
L25847,1818,23.3,115.0,121.0,42.5,103.7,3515.3,1667.7,0
L25848,1693,24.4,126.3,113.5,37.0,98.4,3544.8,1480.0,0
L25849,1828,26.0,127.8,106.8,40.1,94.8,3626.5,1539.9,0
L25850,1721,24.0,118.8,112.4,38.7,101.1,3587.7,1613.6,0
L25851,1711,25.3,131.4,107.0,39.2,101.4,3606.8,1651.4,0
L25852,1823,24.6,130.9,104.6,48.1,98.9,3590.9,1674.3,0
L25853,1752,26.0,121.9,108.6,33.0,86.3,3624.9,1316.2,0
L25854,1772,25.7,113.4,110.4,39.1,90.0,3612.2,1421.5,0
L25855,1751,24.0,132.6,102.5,44.8,93.4,3619.4,1473.1,0
L25856,1777,24.7,119.5,105.4,34.1,99.7,3562.5,1583.1,0
L25857,1784,26.6,121.0,110.0,37.4,94.9,3625.4,1499.3,0
L25858,1595,25.6,117.3,108.4,37.9,101.8,3597.3,1576.7,0
L25859,1803,22.9,112.9,111.6,39.1,102.9,3562.6,1652.4,0
L25860,1671,26.0,108.3,105.1,33.6,102.2,3554.7,1550.7,0
L25861,1635,23.4,125.1,112.9,42.4,102.2,3551.1,1546.2,0
L25862,1745,27.1,113.7,105.3,42.7,88.8,3646.6,1393.1,0
L25863,1757,26.5,144.5,116.6,42.0,97.9,3609.2,1543.0,0
L25864,1695,25.4,111.3,103.1,36.5,91.4,3605.5,1422.3,0
L25865,1816,25.2,109.9,105.6,40.3,85.1,3645.4,1396.3,0
L25866,1643,24.7,124.1,111.7,36.4,93.3,3603.5,1477.7,0
L25867,1717,26.0,132.2,116.7,38.7,102.9,3575.0,1582.7,0
L25868,1703,24.4,120.5,111.3,48.6,97.8,3566.3,1581.9,0
L25869,1746,25.4,124.6,112.3,40.4,107.1,3561.8,1651.3,0
L25870,1772,26.3,105.3,110.1,35.2,96.1,3580.1,1566.2,0
L25871,1669,24.2,114.6,105.9,40.7,109.7,3541.4,1682.9,0
L25872,1808,24.1,111.4,108.0,34.6,96.1,3584.2,1519.4,0
L25873,1755,23.2,104.8,105.2,35.2,95.1,3583.7,1492.9,0
L25874,1599,23.4,120.9,104.9,35.8,87.3,3620.1,1428.0,0
L25875,1593,22.3,102.1,111.6,38.2,101.7,3562.9,1622.0,0
L25876,1749,26.1,109.4,105.5,43.7,92.0,3592.2,1461.3,0
L25877,1732,27.7,115.7,111.3,42.3,91.1,3607.7,1484.4,0
L25878,1742,27.1,113.3,104.8,42.1,102.7,3557.1,1572.4,0
L25879,1748,22.6,123.2,111.2,35.6,101.9,3571.3,1626.1,0
L25880,1768,26.1,122.4,108.0,37.8,101.8,3544.9,1560.3,0
L25881,1826,27.1,127.2,115.6,41.1,92.8,3613.5,1539.0,0
L25882,1661,24.3,126.0,111.3,37.5,94.7,3618.4,1504.6,0
L25883,1656,25.2,129.1,114.9,38.9,94.6,3604.5,1591.5,0
L25884,1663,22.0,120.0,107.0,41.8,99.7,3574.2,1510.7,0
L25885,1773,25.4,122.4,110.2,38.6,104.3,3559.8,1538.9,0
L25886,1850,23.4,124.1,106.1,40.9,97.2,3591.3,1511.4,0
L25887,1715,25.3,121.1,108.3,46.4,106.8,3529.2,1579.6,1
L25888,1550,22.7,116.8,109.0,39.3,100.4,3570.8,1499.7,0
L25889,1614,25.8,117.3,107.1,44.7,93.6,3618.8,1525.8,0
L25890,1683,26.5,113.5,105.1,42.2,100.0,3555.0,1578.9,0
L25891,1705,23.8,123.4,104.3,34.1,105.2,3548.5,1621.5,0
L25892,1717,23.3,119.2,100.6,35.6,107.0,3521.7,1662.0,0
L25893,1753,21.8,114.7,105.8,36.7,102.1,3574.7,1572.5,0
L25894,1725,24.6,114.7,112.5,36.6,95.2,3593.2,1594.4,0
L25895,1834,24.1,110.3,103.6,39.6,93.7,3585.2,1473.2,0
L25896,1696,22.7,127.8,104.5,42.5,98.5,3591.8,1497.3,0
L25897,1681,25.7,120.6,117.2,45.0,105.0,3534.9,1689.0,0
L25898,1788,24.3,113.1,107.5,41.2,97.6,3566.3,1530.6,0
L25899,1627,23.4,126.5,111.3,38.2,97.7,3571.6,1639.8,0
L25900,1781,24.2,115.5,112.6,31.7,95.3,3579.0,1487.7,0
L25901,1758,26.6,108.7,112.7,40.3,93.0,3619.0,1529.3,0
L25902,1738,25.9,128.2,103.9,40.1,94.0,3601.4,1566.8,0
L25903,1877,24.8,115.7,109.1,40.7,95.8,3599.0,1487.4,0
L25904,1700,25.9,116.7,103.5,48.4,105.3,3535.4,1612.4,0
L25905,1915,23.3,120.3,119.8,45.0,93.6,3618.2,1559.0,0
L25906,1732,25.0,129.1,103.6,43.1,95.3,3591.8,1558.1,0
L25907,1648,25.2,120.2,105.8,36.2,89.8,3625.6,1383.9,0
L25908,1756,24.3,110.4,105.8,37.9,99.3,3571.5,1511.8,0
L25909,1664,25.7,124.4,104.0,39.6,103.2,3598.3,1495.5,0
L25910,1690,23.8,116.1,115.4,36.9,104.7,3558.9,1668.4,0
L25911,1782,25.8,135.1,119.7,42.0,96.2,3599.1,1540.3,0
L25912,1794,25.8,120.0,108.1,41.4,98.4,3593.4,1540.9,0
L25913,1700,20.6,102.1,104.7,35.6,94.1,3619.3,1425.5,0
L25914,1829,26.8,122.9,101.1,44.8,98.2,3563.7,1518.9,0
L25915,1843,20.4,135.6,109.0,40.4,96.9,3592.7,1502.6,0
L25916,1865,24.1,132.6,108.7,33.1,95.3,3606.2,1475.6,0
L25917,1792,26.5,134.6,107.4,39.8,95.8,3603.2,1526.2,0
L25918,1859,24.5,111.8,110.9,41.1,97.7,3574.8,1565.3,0
L25919,1600,22.8,127.3,111.6,43.9,93.2,3596.1,1598.6,0
L25920,1725,23.4,114.2,111.3,38.7,93.5,3622.1,1486.7,0
L25921,1681,26.5,121.8,108.7,43.3,105.2,3531.8,1683.8,1
L25922,1760,22.1,109.8,105.6,40.7,111.3,3509.9,1671.3,1
L25923,1704,26.7,114.8,112.7,34.7,87.8,3645.2,1340.2,0
L25924,1737,24.9,114.6,110.1,34.3,87.4,3631.0,1391.9,0
L25925,1901,23.2,127.2,113.6,44.5,89.3,3619.8,1365.4,0
L25926,1736,24.1,126.4,113.2,44.8,94.4,3589.2,1505.9,0
L25927,1783,23.5,122.2,104.3,41.3,100.4,3572.9,1548.2,0
L25928,1731,26.3,109.2,104.3,46.0,98.5,3562.3,1467.8,0
L25929,1756,26.1,117.5,107.0,44.2,96.0,3595.8,1611.3,0
L25930,1750,22.4,114.0,105.8,42.7,98.2,3559.1,1528.1,0
L25931,1786,24.4,127.0,113.0,36.4,90.8,3638.0,1380.4,0
L25932,1843,23.7,129.4,111.4,46.9,93.5,3617.2,1533.0,0
L25933,1882,26.9,128.5,114.4,42.1,94.9,3610.9,1479.7,0
L25934,1775,23.0,114.0,111.6,38.5,85.5,3661.1,1446.8,0
L25935,1797,27.4,98.1,110.8,37.3,88.0,3607.4,1383.1,0
L25936,1658,25.0,105.9,114.8,41.0,88.3,3609.1,1411.4,0
L25937,1743,23.3,131.4,111.9,33.3,99.6,3580.3,1579.8,0
L25938,1825,24.0,116.8,110.3,42.8,96.5,3587.3,1548.4,0
L25939,1819,23.8,114.0,115.9,36.2,98.7,3575.7,1606.1,0
L25940,1767,23.1,133.1,110.5,41.5,84.0,3652.8,1364.9,0
L25941,1821,25.1,130.1,108.8,37.9,86.1,3622.5,1424.5,0
L25942,1789,23.2,120.2,106.6,38.9,99.0,3572.9,1598.4,0
L25943,1846,21.7,117.7,112.8,37.0,78.3,3683.1,1321.2,0
L25944,1773,24.4,118.9,114.9,39.4,102.3,3565.8,1600.8,0
L25945,1722,,121.8,109.8,47.6,84.1,3671.5,1297.3,0
L25946,1777,23.9,132.8,115.2,45.5,100.1,3615.6,1611.6,0
L25947,1516,23.6,123.4,102.1,41.4,89.7,3639.6,1469.7,0
L25948,1781,23.7,125.8,109.8,39.9,101.3,3595.1,1555.7,0
L25949,1458,28.0,129.4,109.8,43.4,114.2,3527.1,1795.5,1
L25950,1612,25.1,110.6,107.1,44.5,81.4,3681.8,1276.6,0
L25951,1786,25.4,126.0,119.5,36.7,99.2,3612.2,1670.4,0
L25952,1788,22.3,117.6,109.7,39.7,84.2,3663.7,1369.8,0
L25953,1657,24.0,99.9,108.4,32.7,97.6,3579.8,1553.1,0
L25954,1693,25.3,103.0,110.1,44.5,93.8,3587.7,1465.8,0
L25955,1860,23.5,111.9,102.0,48.3,95.8,3588.3,1458.0,0
L25956,1711,26.4,124.2,107.0,40.3,89.5,3625.2,1439.5,0
L25957,1929,23.2,120.9,113.9,31.5,99.7,3587.3,1588.7,0
L25958,1750,24.6,121.5,107.5,42.4,86.3,3632.6,1439.6,0
L25959,1783,24.1,135.6,106.7,36.4,102.4,3575.5,1592.8,0
L25960,1879,25.2,109.8,115.2,37.3,92.5,3568.5,1381.9,0
L25961,1760,24.0,119.8,115.4,42.5,86.6,3665.2,1343.4,0
L25962,1670,24.6,122.4,112.1,41.0,104.6,3553.1,1725.7,0
L25963,1741,24.6,114.1,108.2,38.0,94.6,3603.2,1447.8,0
L25964,1747,23.9,120.2,109.0,37.4,106.4,3566.4,1712.5,0
L25965,1641,25.7,107.2,106.8,40.5,102.3,3557.7,1554.1,0
L25966,1730,25.4,131.3,106.0,38.4,90.2,3654.1,1449.3,0
L25967,1691,24.9,114.5,105.8,35.6,94.5,3579.5,1541.9,0
L25968,1824,24.4,136.3,107.5,38.7,95.7,3645.9,1477.6,0
L25969,1753,26.2,119.7,105.9,41.4,104.2,3571.6,1706.1,0
L25970,1727,24.6,128.2,103.7,39.3,97.6,3597.8,1560.3,0
L25971,1742,24.5,119.6,110.9,34.3,96.1,3615.2,1539.2,0
L25972,1768,25.2,119.8,110.9,44.0,93.8,3588.6,1476.0,0
L25973,1799,27.5,115.3,116.8,29.0,94.7,3593.1,1556.5,0
L25974,1670,23.0,121.0,107.3,38.2,102.8,3584.2,1683.6,0
L25975,1667,26.2,122.5,111.2,37.5,95.0,3575.1,1498.4,0
L25976,1838,22.2,113.7,111.3,40.6,92.6,3613.9,1563.0,0
L25977,1717,25.3,119.0,109.0,42.2,91.6,3623.1,1432.8,0
L25978,1637,27.4,115.1,113.0,44.5,91.7,3640.1,1510.2,0
L25979,1786,25.7,138.4,113.1,37.2,86.6,3634.0,1435.9,0
L25980,1787,25.3,119.3,111.3,42.3,90.5,3644.3,1397.8,0
L25981,1628,24.2,132.4,109.0,40.8,104.0,3559.9,1622.7,0
L25982,1768,25.0,118.4,108.6,33.2,93.8,3598.1,1491.2,0
L25983,1809,24.6,122.1,104.5,47.6,99.2,3563.9,1529.9,0
L25984,1780,23.8,109.4,106.8,34.2,80.1,3646.1,1352.3,0
L25985,1801,24.6,116.4,107.5,41.7,98.4,3586.3,1558.2,0
L25986,1638,25.3,121.7,105.5,41.6,94.0,3590.0,1502.7,0
L25987,1776,23.8,132.7,111.8,41.1,92.1,3636.0,1468.9,0
L25988,1726,23.8,121.8,114.8,38.0,96.1,3586.8,1527.7,0
L25989,1711,23.0,131.1,106.4,43.3,92.0,3606.7,1460.4,0
L25990,1820,25.6,125.1,111.1,33.8,82.3,3658.1,1358.6,0
L25991,1868,25.8,133.0,105.9,39.7,100.5,3590.0,1550.8,0
L25992,1894,25.3,119.5,108.8,37.7,96.5,3588.6,1655.2,0
L25993,1855,26.4,139.1,107.2,37.3,93.1,3626.7,1418.0,0
L25994,1741,25.1,116.1,112.4,41.7,89.2,3634.4,1410.8,0
L25995,1778,25.6,113.9,107.3,44.3,86.2,3652.5,1379.7,0
L25996,1811,25.5,110.3,114.0,38.6,96.3,3580.3,1634.3,0
L25997,1760,24.9,138.6,109.0,43.1,104.7,3555.2,1554.1,0
L25998,1760,24.2,126.6,107.4,40.2,96.2,3601.2,1546.3,0
L25999,1816,28.3,117.3,105.0,36.4,86.7,3644.2,1432.9,0
