Lot_ID,최종_용량_mAh,전극_면저항_mOhmcm2,프레스_압력
L25949,3527.1,1795.5,43.4
L25183,3501.0,1737.4,49.4
L25695,3527.7,1718.6,41.4
L25279,3497.6,1706.2,36.2
L25293,3518.9,1703.1,45.1
L25289,3525.2,1696.5,41.7
L25774,3506.9,1695.6,39.1
L25326,3524.0,1688.6,44.2
L25176,3531.4,1688.4,41.6
L25921,3531.8,1683.8,43.3
L25827,3504.0,1676.2,39.0
L25097,3515.4,1674.7,43.3
L25681,3521.8,1672.1,40.4
L25922,3509.9,1671.3,40.7
L25561,3503.4,1650.6,37.1
L25253,3532.0,1616.8,32.7
L25846,3563.9,1599.6,43.6
L25887,3529.2,1579.6,46.4
L25101,3531.1,1557.5,40.7
