Lot_ID,믹싱_RPM,믹싱_온도,코팅_토출압력,건조로_1구간_온도,프레스_압력,프레스_Gap,최종_용량_mAh,전극_면저항_mOhmcm2,불량_여부,용량_면저항_비
L25097,1670,25.7,113.6,107.4,43.3,108.9,3515.4,1674.7,1,2.099122230847316
L25101,1854,25.9,106.3,107.9,40.7,104.6,3531.1,1557.5,1,2.267158908507223
L25176,1876,23.9,123.8,113.5,41.6,107.7,3531.4,1688.4,1,2.091565979625681
L25183,1839,25.9,112.0,112.3,49.4,113.0,3501.0,1737.4,1,2.0150800046045814
L25253,1671,25.5,100.9,113.9,32.7,103.9,3532.0,1616.8,1,2.1845620979713014
L25279,1771,24.7,104.1,108.4,36.2,106.9,3497.6,1706.2,1,2.049935529246278
L25289,1742,26.2,107.4,105.9,41.7,105.6,3525.2,1696.5,1,2.077925139994105
L25293,1545,21.8,116.6,112.2,45.1,109.6,3518.9,1703.1,1,2.0661734484175915
L25326,1624,25.4,102.2,112.3,44.2,107.1,3524.0,1688.6,1,2.0869359232500297
L25561,1777,25.2,120.4,110.5,37.1,109.9,3503.4,1650.6,1,2.122500908760451
L25681,1800,23.5,118.2,112.2,40.4,106.4,3521.8,1672.1,1,2.1062137431971775
L25695,1687,25.6,127.6,106.8,41.4,108.2,3527.7,1718.6,1,2.0526591411614103
L25774,1751,26.7,116.6,114.4,39.1,110.2,3506.9,1695.6,1,2.0682354328851145
L25827,1741,27.3,135.4,110.9,39.0,110.2,3504.0,1676.2,1,2.090442667939387
L25846,2004,25.0,115.5,109.6,43.6,100.8,3563.9,1599.6,1,2.2279944986246565
L25887,1715,25.3,121.1,108.3,46.4,106.8,3529.2,1579.6,1,2.234236515573563
L25921,1681,26.5,121.8,108.7,43.3,105.2,3531.8,1683.8,1,2.0975175198954745
L25922,1760,22.1,109.8,105.6,40.7,111.3,3509.9,1671.3,1,2.1001017172261114
L25949,1458,28.0,129.4,109.8,43.4,114.2,3527.1,1795.5,1,1.9644110275689222
